###########################################################################
<solution territory='RAS DATA SET 3'>
	<trains>
			<movements>
				<movement arc='(0,1)' entry='1020.000' exit='1080.000' entryinminute='17.000' exitinminute='18.000' />
				<movement arc='(1,3)' entry='1080.000' exit='1200.000' entryinminute='18.000' exitinminute='20.000' />
				<movement arc='(3,5)' entry='1200.000' exit='1260.000' entryinminute='20.000' exitinminute='21.000' />
				<movement arc='(5,6)' entry='1260.000' exit='1560.000' entryinminute='21.000' exitinminute='26.000' />
				<movement arc='(6,83)' entry='1560.000' exit='1860.000' entryinminute='26.000' exitinminute='31.000' />
				<movement arc='(83,84)' entry='1860.000' exit='1980.000' entryinminute='31.000' exitinminute='33.000' />
				<movement arc='(84,85)' entry='1980.000' exit='2100.000' entryinminute='33.000' exitinminute='35.000' />
				<movement arc='(85,86)' entry='2100.000' exit='2220.000' entryinminute='35.000' exitinminute='37.000' />
				<movement arc='(86,87)' entry='2220.000' exit='2400.000' entryinminute='37.000' exitinminute='40.000' />
				<movement arc='(87,90)' entry='2400.000' exit='2580.000' entryinminute='40.000' exitinminute='43.000' />
				<movement arc='(90,91)' entry='2580.000' exit='2640.000' entryinminute='43.000' exitinminute='44.000' />
				<movement arc='(91,38)' entry='2640.000' exit='2940.000' entryinminute='44.000' exitinminute='49.000' />
				<movement arc='(38,39)' entry='2940.000' exit='3240.000' entryinminute='49.000' exitinminute='54.000' />
				<destination entry='54.000'/>
			</movements>
		</train>
			<movements>
				<movement arc='(0,1)' entry='1980.000' exit='2040.000' entryinminute='33.000' exitinminute='34.000' />
				<movement arc='(1,3)' entry='2040.000' exit='2220.000' entryinminute='34.000' exitinminute='37.000' />
				<movement arc='(3,5)' entry='2220.000' exit='2280.000' entryinminute='37.000' exitinminute='38.000' />
				<movement arc='(5,6)' entry='2280.000' exit='2640.000' entryinminute='38.000' exitinminute='44.000' />
				<movement arc='(6,83)' entry='2640.000' exit='3000.000' entryinminute='44.000' exitinminute='50.000' />
				<movement arc='(83,84)' entry='3000.000' exit='3180.000' entryinminute='50.000' exitinminute='53.000' />
				<movement arc='(84,85)' entry='3180.000' exit='3300.000' entryinminute='53.000' exitinminute='55.000' />
				<movement arc='(85,86)' entry='3300.000' exit='3480.000' entryinminute='55.000' exitinminute='58.000' />
				<movement arc='(86,87)' entry='3480.000' exit='3720.000' entryinminute='58.000' exitinminute='62.000' />
				<movement arc='(87,90)' entry='3720.000' exit='3960.000' entryinminute='62.000' exitinminute='66.000' />
				<movement arc='(90,91)' entry='3960.000' exit='4080.000' entryinminute='66.000' exitinminute='68.000' />
				<movement arc='(91,38)' entry='4080.000' exit='4440.000' entryinminute='68.000' exitinminute='74.000' />
				<movement arc='(38,39)' entry='4440.000' exit='4800.000' entryinminute='74.000' exitinminute='80.000' />
				<destination entry='80.000'/>
			</movements>
		</train>
			<movements>
				<movement arc='(0,1)' entry='1440.000' exit='1500.000' entryinminute='24.000' exitinminute='25.000' />
				<movement arc='(1,3)' entry='1500.000' exit='1680.000' entryinminute='25.000' exitinminute='28.000' />
				<movement arc='(3,5)' entry='1680.000' exit='1740.000' entryinminute='28.000' exitinminute='29.000' />
				<movement arc='(5,6)' entry='1740.000' exit='2100.000' entryinminute='29.000' exitinminute='35.000' />
				<movement arc='(6,83)' entry='2100.000' exit='2460.000' entryinminute='35.000' exitinminute='41.000' />
				<movement arc='(83,84)' entry='2460.000' exit='2640.000' entryinminute='41.000' exitinminute='44.000' />
				<movement arc='(84,85)' entry='2640.000' exit='2760.000' entryinminute='44.000' exitinminute='46.000' />
				<movement arc='(85,86)' entry='2760.000' exit='2940.000' entryinminute='46.000' exitinminute='49.000' />
				<movement arc='(86,87)' entry='2940.000' exit='3180.000' entryinminute='49.000' exitinminute='53.000' />
				<movement arc='(87,90)' entry='3180.000' exit='3420.000' entryinminute='53.000' exitinminute='57.000' />
				<movement arc='(90,91)' entry='3420.000' exit='3540.000' entryinminute='57.000' exitinminute='59.000' />
				<movement arc='(91,38)' entry='3540.000' exit='3900.000' entryinminute='59.000' exitinminute='65.000' />
				<movement arc='(38,39)' entry='3900.000' exit='4260.000' entryinminute='65.000' exitinminute='71.000' />
				<destination entry='71.000'/>
			</movements>
		</train>
			<movements>
				<movement arc='(0,2)' entry='11580.000' exit='11760.000' entryinminute='193.000' exitinminute='196.000' />
				<movement arc='(2,4)' entry='11760.000' exit='13620.000' entryinminute='196.000' exitinminute='227.000' />
				<movement arc='(4,5)' entry='13620.000' exit='13800.000' entryinminute='227.000' exitinminute='230.000' />
				<movement arc='(5,6)' entry='13800.000' exit='14280.000' entryinminute='230.000' exitinminute='238.000' />
				<movement arc='(6,83)' entry='14280.000' exit='14760.000' entryinminute='238.000' exitinminute='246.000' />
				<movement arc='(83,84)' entry='14760.000' exit='15000.000' entryinminute='246.000' exitinminute='250.000' />
				<movement arc='(84,85)' entry='15000.000' exit='15180.000' entryinminute='250.000' exitinminute='253.000' />
				<movement arc='(85,20)' entry='15180.000' exit='15660.000' entryinminute='253.000' exitinminute='261.000' />
				<movement arc='(20,21)' entry='15660.000' exit='16260.000' entryinminute='261.000' exitinminute='271.000' />
				<movement arc='(21,22)' entry='16260.000' exit='16320.000' entryinminute='271.000' exitinminute='272.000' />
				<movement arc='(22,25)' entry='16320.000' exit='16560.000' entryinminute='272.000' exitinminute='276.000' />
				<movement arc='(25,26)' entry='16560.000' exit='16620.000' entryinminute='276.000' exitinminute='277.000' />
				<movement arc='(26,27)' entry='16620.000' exit='16740.000' entryinminute='277.000' exitinminute='279.000' />
				<movement arc='(27,28)' entry='16740.000' exit='16800.000' entryinminute='279.000' exitinminute='280.000' />
				<movement arc='(28,30)' entry='16800.000' exit='17100.000' entryinminute='280.000' exitinminute='285.000' />
				<movement arc='(30,31)' entry='17100.000' exit='17400.000' entryinminute='285.000' exitinminute='290.000' />
				<movement arc='(31,33)' entry='17400.000' exit='17580.000' entryinminute='290.000' exitinminute='293.000' />
				<movement arc='(33,35)' entry='17580.000' exit='20340.000' entryinminute='293.000' exitinminute='339.000' />
				<movement arc='(35,36)' entry='20340.000' exit='20520.000' entryinminute='339.000' exitinminute='342.000' />
				<movement arc='(36,37)' entry='20520.000' exit='20820.000' entryinminute='342.000' exitinminute='347.000' />
				<movement arc='(37,40)' entry='20820.000' exit='20880.000' entryinminute='347.000' exitinminute='348.000' />
				<movement arc='(40,43)' entry='20880.000' exit='21120.000' entryinminute='348.000' exitinminute='352.000' />
				<movement arc='(43,45)' entry='21120.000' exit='21420.000' entryinminute='352.000' exitinminute='357.000' />
				<movement arc='(45,46)' entry='21420.000' exit='21600.000' entryinminute='357.000' exitinminute='360.000' />
				<movement arc='(46,48)' entry='21600.000' exit='22020.000' entryinminute='360.000' exitinminute='367.000' />
				<movement arc='(48,54)' entry='22020.000' exit='22440.000' entryinminute='367.000' exitinminute='374.000' />
				<movement arc='(54,58)' entry='22440.000' exit='22620.000' entryinminute='374.000' exitinminute='377.000' />
				<movement arc='(58,60)' entry='22620.000' exit='22920.000' entryinminute='377.000' exitinminute='382.000' />
				<movement arc='(60,62)' entry='22920.000' exit='23220.000' entryinminute='382.000' exitinminute='387.000' />
				<movement arc='(62,64)' entry='23220.000' exit='23280.000' entryinminute='387.000' exitinminute='388.000' />
				<movement arc='(64,66)' entry='23280.000' exit='23580.000' entryinminute='388.000' exitinminute='393.000' />
				<movement arc='(66,68)' entry='23580.000' exit='23880.000' entryinminute='393.000' exitinminute='398.000' />
				<movement arc='(68,69)' entry='23880.000' exit='24060.000' entryinminute='398.000' exitinminute='401.000' />
				<movement arc='(69,70)' entry='24060.000' exit='24540.000' entryinminute='401.000' exitinminute='409.000' />
				<movement arc='(70,71)' entry='24540.000' exit='25020.000' entryinminute='409.000' exitinminute='417.000' />
				<movement arc='(71,72)' entry='25020.000' exit='25080.000' entryinminute='417.000' exitinminute='418.000' />
				<movement arc='(72,74)' entry='25080.000' exit='25320.000' entryinminute='418.000' exitinminute='422.000' />
				<movement arc='(74,76)' entry='25320.000' exit='25380.000' entryinminute='422.000' exitinminute='423.000' />
				<movement arc='(76,77)' entry='25380.000' exit='25800.000' entryinminute='423.000' exitinminute='430.000' />
				<movement arc='(77,78)' entry='25800.000' exit='26220.000' entryinminute='430.000' exitinminute='437.000' />
				<movement arc='(78,79)' entry='26220.000' exit='26280.000' entryinminute='437.000' exitinminute='438.000' />
				<movement arc='(79,81)' entry='26280.000' exit='26520.000' entryinminute='438.000' exitinminute='442.000' />
				<movement arc='(81,38)' entry='26520.000' exit='26580.000' entryinminute='442.000' exitinminute='443.000' />
				<movement arc='(38,39)' entry='26580.000' exit='27060.000' entryinminute='443.000' exitinminute='451.000' />
				<destination entry='451.000'/>
			</movements>
		</train>
			<movements>
				<movement arc='(0,1)' entry='15240.000' exit='15300.000' entryinminute='254.000' exitinminute='255.000' />
				<movement arc='(1,3)' entry='15300.000' exit='15480.000' entryinminute='255.000' exitinminute='258.000' />
				<movement arc='(3,5)' entry='15480.000' exit='15540.000' entryinminute='258.000' exitinminute='259.000' />
				<movement arc='(5,6)' entry='15540.000' exit='15960.000' entryinminute='259.000' exitinminute='266.000' />
				<movement arc='(6,83)' entry='15960.000' exit='16380.000' entryinminute='266.000' exitinminute='273.000' />
				<movement arc='(83,84)' entry='16380.000' exit='16560.000' entryinminute='273.000' exitinminute='276.000' />
				<movement arc='(84,85)' entry='16560.000' exit='16740.000' entryinminute='276.000' exitinminute='279.000' />
				<movement arc='(85,86)' entry='16740.000' exit='16920.000' entryinminute='279.000' exitinminute='282.000' />
				<movement arc='(86,87)' entry='16920.000' exit='17220.000' entryinminute='282.000' exitinminute='287.000' />
				<movement arc='(87,90)' entry='17220.000' exit='17520.000' entryinminute='287.000' exitinminute='292.000' />
				<movement arc='(90,91)' entry='17520.000' exit='17640.000' entryinminute='292.000' exitinminute='294.000' />
				<movement arc='(91,38)' entry='17640.000' exit='18060.000' entryinminute='294.000' exitinminute='301.000' />
				<movement arc='(38,39)' entry='18060.000' exit='18480.000' entryinminute='301.000' exitinminute='308.000' />
				<destination entry='308.000'/>
			</movements>
		</train>
			<movements>
				<movement arc='(0,1)' entry='29880.000' exit='29940.000' entryinminute='498.000' exitinminute='499.000' />
				<movement arc='(1,3)' entry='29940.000' exit='30300.000' entryinminute='499.000' exitinminute='505.000' />
				<movement arc='(3,5)' entry='30300.000' exit='30360.000' entryinminute='505.000' exitinminute='506.000' />
				<movement arc='(5,6)' entry='30360.000' exit='31140.000' entryinminute='506.000' exitinminute='519.000' />
				<movement arc='(6,7)' entry='31140.000' exit='31800.000' entryinminute='519.000' exitinminute='530.000' />
				<movement arc='(7,8)' entry='31800.000' exit='31860.000' entryinminute='530.000' exitinminute='531.000' />
				<movement arc='(8,10)' entry='31860.000' exit='32220.000' entryinminute='531.000' exitinminute='537.000' />
				<movement arc='(10,12)' entry='32220.000' exit='32280.000' entryinminute='537.000' exitinminute='538.000' />
				<movement arc='(12,13)' entry='32280.000' exit='33060.000' entryinminute='538.000' exitinminute='551.000' />
				<movement arc='(13,14)' entry='33060.000' exit='33840.000' entryinminute='551.000' exitinminute='564.000' />
				<movement arc='(14,15)' entry='33840.000' exit='33900.000' entryinminute='564.000' exitinminute='565.000' />
				<movement arc='(15,17)' entry='33900.000' exit='34260.000' entryinminute='565.000' exitinminute='571.000' />
				<movement arc='(17,19)' entry='34260.000' exit='34320.000' entryinminute='571.000' exitinminute='572.000' />
				<movement arc='(19,20)' entry='34320.000' exit='35100.000' entryinminute='572.000' exitinminute='585.000' />
				<movement arc='(20,21)' entry='35100.000' exit='36060.000' entryinminute='585.000' exitinminute='601.000' />
				<movement arc='(21,22)' entry='36060.000' exit='36120.000' entryinminute='601.000' exitinminute='602.000' />
				<movement arc='(22,25)' entry='36120.000' exit='36480.000' entryinminute='602.000' exitinminute='608.000' />
				<movement arc='(25,26)' entry='36480.000' exit='36540.000' entryinminute='608.000' exitinminute='609.000' />
				<movement arc='(26,27)' entry='36540.000' exit='36720.000' entryinminute='609.000' exitinminute='612.000' />
				<movement arc='(27,28)' entry='36720.000' exit='36780.000' entryinminute='612.000' exitinminute='613.000' />
				<movement arc='(28,30)' entry='36780.000' exit='37260.000' entryinminute='613.000' exitinminute='621.000' />
				<movement arc='(30,31)' entry='37260.000' exit='37740.000' entryinminute='621.000' exitinminute='629.000' />
				<movement arc='(31,32)' entry='37740.000' exit='37800.000' entryinminute='629.000' exitinminute='630.000' />
				<movement arc='(32,34)' entry='37800.000' exit='38160.000' entryinminute='630.000' exitinminute='636.000' />
				<movement arc='(34,36)' entry='38160.000' exit='38220.000' entryinminute='636.000' exitinminute='637.000' />
				<movement arc='(36,37)' entry='38220.000' exit='38700.000' entryinminute='637.000' exitinminute='645.000' />
				<movement arc='(37,40)' entry='38700.000' exit='38760.000' entryinminute='645.000' exitinminute='646.000' />
				<movement arc='(40,43)' entry='38760.000' exit='39120.000' entryinminute='646.000' exitinminute='652.000' />
				<movement arc='(43,45)' entry='39120.000' exit='39600.000' entryinminute='652.000' exitinminute='660.000' />
				<movement arc='(45,47)' entry='39600.000' exit='39660.000' entryinminute='660.000' exitinminute='661.000' />
				<movement arc='(47,49)' entry='39660.000' exit='40320.000' entryinminute='661.000' exitinminute='672.000' />
				<movement arc='(49,50)' entry='40320.000' exit='40380.000' entryinminute='672.000' exitinminute='673.000' />
				<movement arc='(50,52)' entry='40380.000' exit='40740.000' entryinminute='673.000' exitinminute='679.000' />
				<movement arc='(52,55)' entry='40740.000' exit='40800.000' entryinminute='679.000' exitinminute='680.000' />
				<movement arc='(55,56)' entry='40800.000' exit='41160.000' entryinminute='680.000' exitinminute='686.000' />
				<movement arc='(56,58)' entry='41160.000' exit='41220.000' entryinminute='686.000' exitinminute='687.000' />
				<movement arc='(58,60)' entry='41220.000' exit='41700.000' entryinminute='687.000' exitinminute='695.000' />
				<movement arc='(60,62)' entry='41700.000' exit='42180.000' entryinminute='695.000' exitinminute='703.000' />
				<movement arc='(62,64)' entry='42180.000' exit='42240.000' entryinminute='703.000' exitinminute='704.000' />
				<movement arc='(64,66)' entry='42240.000' exit='42720.000' entryinminute='704.000' exitinminute='712.000' />
				<movement arc='(66,68)' entry='42720.000' exit='43200.000' entryinminute='712.000' exitinminute='720.000' />
				<movement arc='(68,69)' entry='43200.000' exit='43500.000' entryinminute='720.000' exitinminute='725.000' />
				<movement arc='(69,70)' entry='43500.000' exit='44280.000' entryinminute='725.000' exitinminute='738.000' />
				<movement arc='(70,71)' entry='44280.000' exit='45060.000' entryinminute='738.000' exitinminute='751.000' />
				<movement arc='(71,72)' entry='45060.000' exit='45120.000' entryinminute='751.000' exitinminute='752.000' />
				<movement arc='(72,74)' entry='45120.000' exit='45480.000' entryinminute='752.000' exitinminute='758.000' />
				<movement arc='(74,76)' entry='45480.000' exit='45540.000' entryinminute='758.000' exitinminute='759.000' />
				<movement arc='(76,77)' entry='45540.000' exit='46200.000' entryinminute='759.000' exitinminute='770.000' />
				<movement arc='(77,78)' entry='46200.000' exit='46860.000' entryinminute='770.000' exitinminute='781.000' />
				<movement arc='(78,79)' entry='46860.000' exit='46920.000' entryinminute='781.000' exitinminute='782.000' />
				<movement arc='(79,81)' entry='46920.000' exit='47280.000' entryinminute='782.000' exitinminute='788.000' />
				<movement arc='(81,38)' entry='47280.000' exit='47340.000' entryinminute='788.000' exitinminute='789.000' />
				<movement arc='(38,39)' entry='47340.000' exit='48120.000' entryinminute='789.000' exitinminute='802.000' />
				<destination entry='802.000'/>
			</movements>
		</train>
			<movements>
				<movement arc='(0,2)' entry='29760.000' exit='29880.000' entryinminute='496.000' exitinminute='498.000' />
				<movement arc='(2,4)' entry='29880.000' exit='35280.000' entryinminute='498.000' exitinminute='588.000' />
				<movement arc='(4,5)' entry='35280.000' exit='35400.000' entryinminute='588.000' exitinminute='590.000' />
				<movement arc='(5,6)' entry='35400.000' exit='35640.000' entryinminute='590.000' exitinminute='594.000' />
				<movement arc='(6,83)' entry='35640.000' exit='35880.000' entryinminute='594.000' exitinminute='598.000' />
				<movement arc='(83,84)' entry='35880.000' exit='36000.000' entryinminute='598.000' exitinminute='600.000' />
				<movement arc='(84,85)' entry='36000.000' exit='36120.000' entryinminute='600.000' exitinminute='602.000' />
				<movement arc='(85,86)' entry='36120.000' exit='36240.000' entryinminute='602.000' exitinminute='604.000' />
				<movement arc='(86,87)' entry='36240.000' exit='36420.000' entryinminute='604.000' exitinminute='607.000' />
				<movement arc='(87,90)' entry='36420.000' exit='36600.000' entryinminute='607.000' exitinminute='610.000' />
				<movement arc='(90,91)' entry='36600.000' exit='36660.000' entryinminute='610.000' exitinminute='611.000' />
				<movement arc='(91,38)' entry='36660.000' exit='36900.000' entryinminute='611.000' exitinminute='615.000' />
				<movement arc='(38,39)' entry='36900.000' exit='37140.000' entryinminute='615.000' exitinminute='619.000' />
				<destination entry='619.000'/>
			</movements>
		</train>
			<movements>
				<movement arc='(0,1)' entry='35700.000' exit='35760.000' entryinminute='595.000' exitinminute='596.000' />
				<movement arc='(1,3)' entry='35760.000' exit='36000.000' entryinminute='596.000' exitinminute='600.000' />
				<movement arc='(3,5)' entry='36000.000' exit='36060.000' entryinminute='600.000' exitinminute='601.000' />
				<movement arc='(5,6)' entry='36060.000' exit='36600.000' entryinminute='601.000' exitinminute='610.000' />
				<movement arc='(6,83)' entry='36600.000' exit='37140.000' entryinminute='610.000' exitinminute='619.000' />
				<movement arc='(83,84)' entry='37140.000' exit='37380.000' entryinminute='619.000' exitinminute='623.000' />
				<movement arc='(84,85)' entry='37380.000' exit='37560.000' entryinminute='623.000' exitinminute='626.000' />
				<movement arc='(85,86)' entry='37560.000' exit='37800.000' entryinminute='626.000' exitinminute='630.000' />
				<movement arc='(86,87)' entry='37800.000' exit='38160.000' entryinminute='630.000' exitinminute='636.000' />
				<movement arc='(87,90)' entry='38160.000' exit='38520.000' entryinminute='636.000' exitinminute='642.000' />
				<movement arc='(90,91)' entry='38520.000' exit='38640.000' entryinminute='642.000' exitinminute='644.000' />
				<movement arc='(91,38)' entry='38640.000' exit='39180.000' entryinminute='644.000' exitinminute='653.000' />
				<movement arc='(38,39)' entry='39180.000' exit='39720.000' entryinminute='653.000' exitinminute='662.000' />
				<destination entry='662.000'/>
			</movements>
		</train>
			<movements>
				<movement arc='(0,1)' entry='37440.000' exit='37500.000' entryinminute='624.000' exitinminute='625.000' />
				<movement arc='(1,3)' entry='37500.000' exit='37680.000' entryinminute='625.000' exitinminute='628.000' />
				<movement arc='(3,5)' entry='37680.000' exit='37740.000' entryinminute='628.000' exitinminute='629.000' />
				<movement arc='(5,6)' entry='37740.000' exit='38100.000' entryinminute='629.000' exitinminute='635.000' />
				<movement arc='(6,83)' entry='38100.000' exit='38460.000' entryinminute='635.000' exitinminute='641.000' />
				<movement arc='(83,84)' entry='38460.000' exit='38640.000' entryinminute='641.000' exitinminute='644.000' />
				<movement arc='(84,85)' entry='38640.000' exit='38760.000' entryinminute='644.000' exitinminute='646.000' />
				<movement arc='(85,86)' entry='38760.000' exit='38940.000' entryinminute='646.000' exitinminute='649.000' />
				<movement arc='(86,87)' entry='38940.000' exit='39180.000' entryinminute='649.000' exitinminute='653.000' />
				<movement arc='(87,90)' entry='39180.000' exit='39420.000' entryinminute='653.000' exitinminute='657.000' />
				<movement arc='(90,91)' entry='39420.000' exit='39540.000' entryinminute='657.000' exitinminute='659.000' />
				<movement arc='(91,38)' entry='39540.000' exit='39900.000' entryinminute='659.000' exitinminute='665.000' />
				<movement arc='(38,39)' entry='39900.000' exit='40260.000' entryinminute='665.000' exitinminute='671.000' />
				<destination entry='671.000'/>
			</movements>
		</train>
			<movements>
				<movement arc='(20,21)' entry='1140.000' exit='1440.000' entryinminute='19.000' exitinminute='24.000' />
				<movement arc='(21,22)' entry='1440.000' exit='1500.000' entryinminute='24.000' exitinminute='25.000' />
				<movement arc='(22,25)' entry='1500.000' exit='1620.000' entryinminute='25.000' exitinminute='27.000' />
				<movement arc='(25,26)' entry='1620.000' exit='1680.000' entryinminute='27.000' exitinminute='28.000' />
				<movement arc='(26,27)' entry='1680.000' exit='1740.000' entryinminute='28.000' exitinminute='29.000' />
				<movement arc='(27,28)' entry='1740.000' exit='1800.000' entryinminute='29.000' exitinminute='30.000' />
				<movement arc='(28,30)' entry='1800.000' exit='1980.000' entryinminute='30.000' exitinminute='33.000' />
				<movement arc='(30,31)' entry='1980.000' exit='2160.000' entryinminute='33.000' exitinminute='36.000' />
				<movement arc='(31,33)' entry='2160.000' exit='2280.000' entryinminute='36.000' exitinminute='38.000' />
				<movement arc='(33,35)' entry='2280.000' exit='2700.000' entryinminute='38.000' exitinminute='45.000' />
				<movement arc='(35,36)' entry='2700.000' exit='2820.000' entryinminute='45.000' exitinminute='47.000' />
				<movement arc='(36,37)' entry='2820.000' exit='3000.000' entryinminute='47.000' exitinminute='50.000' />
				<movement arc='(37,40)' entry='3000.000' exit='3060.000' entryinminute='50.000' exitinminute='51.000' />
				<movement arc='(40,43)' entry='3060.000' exit='3180.000' entryinminute='51.000' exitinminute='53.000' />
				<movement arc='(43,45)' entry='3180.000' exit='3360.000' entryinminute='53.000' exitinminute='56.000' />
				<movement arc='(45,46)' entry='3360.000' exit='3480.000' entryinminute='56.000' exitinminute='58.000' />
				<movement arc='(46,48)' entry='3480.000' exit='3720.000' entryinminute='58.000' exitinminute='62.000' />
				<movement arc='(48,54)' entry='3720.000' exit='3960.000' entryinminute='62.000' exitinminute='66.000' />
				<movement arc='(54,57)' entry='3960.000' exit='4020.000' entryinminute='66.000' exitinminute='67.000' />
				<movement arc='(57,59)' entry='4020.000' exit='4200.000' entryinminute='67.000' exitinminute='70.000' />
				<movement arc='(59,61)' entry='4200.000' exit='4380.000' entryinminute='70.000' exitinminute='73.000' />
				<movement arc='(61,63)' entry='4380.000' exit='4440.000' entryinminute='73.000' exitinminute='74.000' />
				<movement arc='(63,65)' entry='4440.000' exit='4620.000' entryinminute='74.000' exitinminute='77.000' />
				<movement arc='(65,67)' entry='4620.000' exit='4800.000' entryinminute='77.000' exitinminute='80.000' />
				<movement arc='(67,69)' entry='4800.000' exit='4860.000' entryinminute='80.000' exitinminute='81.000' />
				<movement arc='(69,70)' entry='4860.000' exit='5100.000' entryinminute='81.000' exitinminute='85.000' />
				<movement arc='(70,71)' entry='5100.000' exit='5340.000' entryinminute='85.000' exitinminute='89.000' />
				<movement arc='(71,72)' entry='5340.000' exit='5400.000' entryinminute='89.000' exitinminute='90.000' />
				<movement arc='(72,74)' entry='5400.000' exit='5520.000' entryinminute='90.000' exitinminute='92.000' />
				<movement arc='(74,76)' entry='5520.000' exit='5580.000' entryinminute='92.000' exitinminute='93.000' />
				<movement arc='(76,77)' entry='5580.000' exit='5820.000' entryinminute='93.000' exitinminute='97.000' />
				<movement arc='(77,78)' entry='5820.000' exit='6060.000' entryinminute='97.000' exitinminute='101.000' />
				<movement arc='(78,79)' entry='6060.000' exit='6120.000' entryinminute='101.000' exitinminute='102.000' />
				<movement arc='(79,81)' entry='6120.000' exit='6240.000' entryinminute='102.000' exitinminute='104.000' />
				<movement arc='(81,38)' entry='6240.000' exit='6300.000' entryinminute='104.000' exitinminute='105.000' />
				<movement arc='(38,39)' entry='6300.000' exit='6540.000' entryinminute='105.000' exitinminute='109.000' />
				<destination entry='109.000'/>
			</movements>
		</train>
			<movements>
				<movement arc='(40,43)' entry='1200.000' exit='1320.000' entryinminute='20.000' exitinminute='22.000' />
				<movement arc='(43,45)' entry='1320.000' exit='1500.000' entryinminute='22.000' exitinminute='25.000' />
				<movement arc='(45,47)' entry='1500.000' exit='1560.000' entryinminute='25.000' exitinminute='26.000' />
				<movement arc='(47,49)' entry='1560.000' exit='1800.000' entryinminute='26.000' exitinminute='30.000' />
				<movement arc='(49,51)' entry='1800.000' exit='1920.000' entryinminute='30.000' exitinminute='32.000' />
				<movement arc='(51,53)' entry='1920.000' exit='2340.000' entryinminute='32.000' exitinminute='39.000' />
				<movement arc='(53,55)' entry='2340.000' exit='2460.000' entryinminute='39.000' exitinminute='41.000' />
				<movement arc='(55,56)' entry='2460.000' exit='2580.000' entryinminute='41.000' exitinminute='43.000' />
				<movement arc='(56,58)' entry='2580.000' exit='2640.000' entryinminute='43.000' exitinminute='44.000' />
				<movement arc='(58,60)' entry='2640.000' exit='2820.000' entryinminute='44.000' exitinminute='47.000' />
				<movement arc='(60,62)' entry='2820.000' exit='3000.000' entryinminute='47.000' exitinminute='50.000' />
				<movement arc='(62,64)' entry='3000.000' exit='3060.000' entryinminute='50.000' exitinminute='51.000' />
				<movement arc='(64,66)' entry='3060.000' exit='3240.000' entryinminute='51.000' exitinminute='54.000' />
				<movement arc='(66,68)' entry='3240.000' exit='3420.000' entryinminute='54.000' exitinminute='57.000' />
				<movement arc='(68,69)' entry='3420.000' exit='3540.000' entryinminute='57.000' exitinminute='59.000' />
				<movement arc='(69,70)' entry='3540.000' exit='3840.000' entryinminute='59.000' exitinminute='64.000' />
				<movement arc='(70,71)' entry='3840.000' exit='4140.000' entryinminute='64.000' exitinminute='69.000' />
				<movement arc='(71,72)' entry='4140.000' exit='4200.000' entryinminute='69.000' exitinminute='70.000' />
				<movement arc='(72,74)' entry='4200.000' exit='4320.000' entryinminute='70.000' exitinminute='72.000' />
				<movement arc='(74,76)' entry='4320.000' exit='4380.000' entryinminute='72.000' exitinminute='73.000' />
				<movement arc='(76,77)' entry='4380.000' exit='4620.000' entryinminute='73.000' exitinminute='77.000' />
				<movement arc='(77,78)' entry='4620.000' exit='4860.000' entryinminute='77.000' exitinminute='81.000' />
				<movement arc='(78,79)' entry='4860.000' exit='4920.000' entryinminute='81.000' exitinminute='82.000' />
				<movement arc='(79,81)' entry='4920.000' exit='5040.000' entryinminute='82.000' exitinminute='84.000' />
				<movement arc='(81,38)' entry='5040.000' exit='5100.000' entryinminute='84.000' exitinminute='85.000' />
				<movement arc='(38,39)' entry='5100.000' exit='5400.000' entryinminute='85.000' exitinminute='90.000' />
				<destination entry='90.000'/>
			</movements>
		</train>
			<movements>
				<movement arc='(39,38)' entry='660.000' exit='1260.000' entryinminute='11.000' exitinminute='21.000' />
				<movement arc='(38,91)' entry='1260.000' exit='1800.000' entryinminute='21.000' exitinminute='30.000' />
				<movement arc='(91,89)' entry='1800.000' exit='1980.000' entryinminute='30.000' exitinminute='33.000' />
				<movement arc='(89,88)' entry='1980.000' exit='4140.000' entryinminute='33.000' exitinminute='69.000' />
				<movement arc='(88,87)' entry='4140.000' exit='4260.000' entryinminute='69.000' exitinminute='71.000' />
				<movement arc='(87,86)' entry='4260.000' exit='4620.000' entryinminute='71.000' exitinminute='77.000' />
				<movement arc='(86,85)' entry='4620.000' exit='4860.000' entryinminute='77.000' exitinminute='81.000' />
				<movement arc='(85,84)' entry='4860.000' exit='5040.000' entryinminute='81.000' exitinminute='84.000' />
				<movement arc='(84,83)' entry='5040.000' exit='5280.000' entryinminute='84.000' exitinminute='88.000' />
				<movement arc='(83,6)' entry='5280.000' exit='5820.000' entryinminute='88.000' exitinminute='97.000' />
				<movement arc='(6,5)' entry='5820.000' exit='6420.000' entryinminute='97.000' exitinminute='107.000' />
				<movement arc='(5,3)' entry='6420.000' exit='6480.000' entryinminute='107.000' exitinminute='108.000' />
				<movement arc='(3,1)' entry='6480.000' exit='6720.000' entryinminute='108.000' exitinminute='112.000' />
				<movement arc='(1,0)' entry='6720.000' exit='6780.000' entryinminute='112.000' exitinminute='113.000' />
				<destination entry='113.000'/>
			</movements>
		</train>
			<movements>
				<movement arc='(39,38)' entry='6960.000' exit='8040.000' entryinminute='116.000' exitinminute='134.000' />
				<movement arc='(38,91)' entry='8040.000' exit='9000.000' entryinminute='134.000' exitinminute='150.000' />
				<movement arc='(91,90)' entry='9000.000' exit='9240.000' entryinminute='150.000' exitinminute='154.000' />
				<movement arc='(90,87)' entry='9240.000' exit='9840.000' entryinminute='154.000' exitinminute='164.000' />
				<movement arc='(87,86)' entry='9840.000' exit='10440.000' entryinminute='164.000' exitinminute='174.000' />
				<movement arc='(86,85)' entry='10440.000' exit='10860.000' entryinminute='174.000' exitinminute='181.000' />
				<movement arc='(85,84)' entry='10860.000' exit='11160.000' entryinminute='181.000' exitinminute='186.000' />
				<movement arc='(84,83)' entry='11160.000' exit='11580.000' entryinminute='186.000' exitinminute='193.000' />
				<movement arc='(83,6)' entry='11580.000' exit='12540.000' entryinminute='193.000' exitinminute='209.000' />
				<movement arc='(6,5)' entry='12540.000' exit='13620.000' entryinminute='209.000' exitinminute='227.000' />
				<movement arc='(5,3)' entry='13620.000' exit='13740.000' entryinminute='227.000' exitinminute='229.000' />
				<movement arc='(3,1)' entry='13740.000' exit='14160.000' entryinminute='229.000' exitinminute='236.000' />
				<movement arc='(1,0)' entry='14160.000' exit='14280.000' entryinminute='236.000' exitinminute='238.000' />
				<destination entry='238.000'/>
			</movements>
		</train>
			<movements>
				<movement arc='(39,38)' entry='18780.000' exit='19080.000' entryinminute='313.000' exitinminute='318.000' />
				<movement arc='(38,91)' entry='19080.000' exit='19320.000' entryinminute='318.000' exitinminute='322.000' />
				<movement arc='(91,90)' entry='19320.000' exit='19380.000' entryinminute='322.000' exitinminute='323.000' />
				<movement arc='(90,87)' entry='19380.000' exit='19560.000' entryinminute='323.000' exitinminute='326.000' />
				<movement arc='(87,86)' entry='19560.000' exit='19740.000' entryinminute='326.000' exitinminute='329.000' />
				<movement arc='(86,85)' entry='19740.000' exit='19860.000' entryinminute='329.000' exitinminute='331.000' />
				<movement arc='(85,84)' entry='19860.000' exit='19980.000' entryinminute='331.000' exitinminute='333.000' />
				<movement arc='(84,83)' entry='19980.000' exit='20100.000' entryinminute='333.000' exitinminute='335.000' />
				<movement arc='(83,6)' entry='20100.000' exit='20340.000' entryinminute='335.000' exitinminute='339.000' />
				<movement arc='(6,5)' entry='20340.000' exit='20640.000' entryinminute='339.000' exitinminute='344.000' />
				<movement arc='(5,3)' entry='20640.000' exit='20700.000' entryinminute='344.000' exitinminute='345.000' />
				<movement arc='(3,1)' entry='20700.000' exit='20820.000' entryinminute='345.000' exitinminute='347.000' />
				<movement arc='(1,0)' entry='20820.000' exit='20880.000' entryinminute='347.000' exitinminute='348.000' />
				<destination entry='348.000'/>
			</movements>
		</train>
			<movements>
				<movement arc='(39,38)' entry='26040.000' exit='26400.000' entryinminute='434.000' exitinminute='440.000' />
				<movement arc='(38,91)' entry='26400.000' exit='26700.000' entryinminute='440.000' exitinminute='445.000' />
				<movement arc='(91,90)' entry='26700.000' exit='26760.000' entryinminute='445.000' exitinminute='446.000' />
				<movement arc='(90,87)' entry='26760.000' exit='26940.000' entryinminute='446.000' exitinminute='449.000' />
				<movement arc='(87,86)' entry='26940.000' exit='27120.000' entryinminute='449.000' exitinminute='452.000' />
				<movement arc='(86,85)' entry='27120.000' exit='27240.000' entryinminute='452.000' exitinminute='454.000' />
				<movement arc='(85,84)' entry='27240.000' exit='27360.000' entryinminute='454.000' exitinminute='456.000' />
				<movement arc='(84,83)' entry='27360.000' exit='27480.000' entryinminute='456.000' exitinminute='458.000' />
				<movement arc='(83,6)' entry='27480.000' exit='27780.000' entryinminute='458.000' exitinminute='463.000' />
				<movement arc='(6,5)' entry='27780.000' exit='28140.000' entryinminute='463.000' exitinminute='469.000' />
				<movement arc='(5,3)' entry='28140.000' exit='28200.000' entryinminute='469.000' exitinminute='470.000' />
				<movement arc='(3,1)' entry='28200.000' exit='28380.000' entryinminute='470.000' exitinminute='473.000' />
				<movement arc='(1,0)' entry='28380.000' exit='28440.000' entryinminute='473.000' exitinminute='474.000' />
				<destination entry='474.000'/>
			</movements>
		</train>
			<movements>
				<movement arc='(39,38)' entry='29700.000' exit='30120.000' entryinminute='495.000' exitinminute='502.000' />
				<movement arc='(38,91)' entry='30120.000' exit='30480.000' entryinminute='502.000' exitinminute='508.000' />
				<movement arc='(91,90)' entry='30480.000' exit='30600.000' entryinminute='508.000' exitinminute='510.000' />
				<movement arc='(90,87)' entry='30600.000' exit='30840.000' entryinminute='510.000' exitinminute='514.000' />
				<movement arc='(87,86)' entry='30840.000' exit='31080.000' entryinminute='514.000' exitinminute='518.000' />
				<movement arc='(86,85)' entry='31080.000' exit='31260.000' entryinminute='518.000' exitinminute='521.000' />
				<movement arc='(85,84)' entry='31260.000' exit='31380.000' entryinminute='521.000' exitinminute='523.000' />
				<movement arc='(84,83)' entry='31380.000' exit='31560.000' entryinminute='523.000' exitinminute='526.000' />
				<movement arc='(83,6)' entry='31560.000' exit='31920.000' entryinminute='526.000' exitinminute='532.000' />
				<movement arc='(6,5)' entry='31920.000' exit='32340.000' entryinminute='532.000' exitinminute='539.000' />
				<movement arc='(5,3)' entry='32340.000' exit='32400.000' entryinminute='539.000' exitinminute='540.000' />
				<movement arc='(3,1)' entry='32400.000' exit='32580.000' entryinminute='540.000' exitinminute='543.000' />
				<movement arc='(1,0)' entry='32580.000' exit='32640.000' entryinminute='543.000' exitinminute='544.000' />
				<destination entry='544.000'/>
			</movements>
		</train>
			<movements>
				<movement arc='(39,38)' entry='33360.000' exit='33660.000' entryinminute='556.000' exitinminute='561.000' />
				<movement arc='(38,91)' entry='33660.000' exit='33900.000' entryinminute='561.000' exitinminute='565.000' />
				<movement arc='(91,90)' entry='33900.000' exit='33960.000' entryinminute='565.000' exitinminute='566.000' />
				<movement arc='(90,87)' entry='33960.000' exit='34140.000' entryinminute='566.000' exitinminute='569.000' />
				<movement arc='(87,86)' entry='34140.000' exit='34320.000' entryinminute='569.000' exitinminute='572.000' />
				<movement arc='(86,85)' entry='34320.000' exit='34440.000' entryinminute='572.000' exitinminute='574.000' />
				<movement arc='(85,84)' entry='34440.000' exit='34560.000' entryinminute='574.000' exitinminute='576.000' />
				<movement arc='(84,83)' entry='34560.000' exit='34680.000' entryinminute='576.000' exitinminute='578.000' />
				<movement arc='(83,6)' entry='34680.000' exit='34920.000' entryinminute='578.000' exitinminute='582.000' />
				<movement arc='(6,5)' entry='34920.000' exit='35220.000' entryinminute='582.000' exitinminute='587.000' />
				<movement arc='(5,3)' entry='35220.000' exit='35280.000' entryinminute='587.000' exitinminute='588.000' />
				<movement arc='(3,1)' entry='35280.000' exit='35400.000' entryinminute='588.000' exitinminute='590.000' />
				<movement arc='(1,0)' entry='35400.000' exit='35460.000' entryinminute='590.000' exitinminute='591.000' />
				<destination entry='591.000'/>
			</movements>
		</train>
			<movements>
				<movement arc='(59,57)' entry='1020.000' exit='1200.000' entryinminute='17.000' exitinminute='20.000' />
				<movement arc='(57,54)' entry='1200.000' exit='1260.000' entryinminute='20.000' exitinminute='21.000' />
				<movement arc='(54,48)' entry='1260.000' exit='1500.000' entryinminute='21.000' exitinminute='25.000' />
				<movement arc='(48,46)' entry='1500.000' exit='1740.000' entryinminute='25.000' exitinminute='29.000' />
				<movement arc='(46,45)' entry='1740.000' exit='1860.000' entryinminute='29.000' exitinminute='31.000' />
				<movement arc='(45,43)' entry='1860.000' exit='2040.000' entryinminute='31.000' exitinminute='34.000' />
				<movement arc='(43,40)' entry='2040.000' exit='2160.000' entryinminute='34.000' exitinminute='36.000' />
				<movement arc='(40,37)' entry='2160.000' exit='2220.000' entryinminute='36.000' exitinminute='37.000' />
				<movement arc='(37,36)' entry='2220.000' exit='2400.000' entryinminute='37.000' exitinminute='40.000' />
				<movement arc='(36,34)' entry='2400.000' exit='2460.000' entryinminute='40.000' exitinminute='41.000' />
				<movement arc='(34,32)' entry='2460.000' exit='2580.000' entryinminute='41.000' exitinminute='43.000' />
				<movement arc='(32,31)' entry='2580.000' exit='2640.000' entryinminute='43.000' exitinminute='44.000' />
				<movement arc='(31,30)' entry='2640.000' exit='2820.000' entryinminute='44.000' exitinminute='47.000' />
				<movement arc='(30,28)' entry='2820.000' exit='3000.000' entryinminute='47.000' exitinminute='50.000' />
				<movement arc='(28,27)' entry='3000.000' exit='3060.000' entryinminute='50.000' exitinminute='51.000' />
				<movement arc='(27,26)' entry='3060.000' exit='3120.000' entryinminute='51.000' exitinminute='52.000' />
				<movement arc='(26,25)' entry='3120.000' exit='3180.000' entryinminute='52.000' exitinminute='53.000' />
				<movement arc='(25,22)' entry='3180.000' exit='3300.000' entryinminute='53.000' exitinminute='55.000' />
				<movement arc='(22,21)' entry='3300.000' exit='3360.000' entryinminute='55.000' exitinminute='56.000' />
				<movement arc='(21,20)' entry='3360.000' exit='3720.000' entryinminute='56.000' exitinminute='62.000' />
				<movement arc='(20,85)' entry='3720.000' exit='3960.000' entryinminute='62.000' exitinminute='66.000' />
				<movement arc='(85,84)' entry='3960.000' exit='4080.000' entryinminute='66.000' exitinminute='68.000' />
				<movement arc='(84,83)' entry='4080.000' exit='4200.000' entryinminute='68.000' exitinminute='70.000' />
				<movement arc='(83,6)' entry='4200.000' exit='4440.000' entryinminute='70.000' exitinminute='74.000' />
				<movement arc='(6,5)' entry='4440.000' exit='4740.000' entryinminute='74.000' exitinminute='79.000' />
				<movement arc='(5,3)' entry='4740.000' exit='4800.000' entryinminute='79.000' exitinminute='80.000' />
				<movement arc='(3,1)' entry='4800.000' exit='4920.000' entryinminute='80.000' exitinminute='82.000' />
				<movement arc='(1,0)' entry='4920.000' exit='4980.000' entryinminute='82.000' exitinminute='83.000' />
				<destination entry='83.000'/>
			</movements>
		</train>
			<movements>
				<movement arc='(33,31)' entry='4080.000' exit='4200.000' entryinminute='68.000' exitinminute='70.000' />
				<movement arc='(31,30)' entry='4200.000' exit='4440.000' entryinminute='70.000' exitinminute='74.000' />
				<movement arc='(30,28)' entry='4440.000' exit='4680.000' entryinminute='74.000' exitinminute='78.000' />
				<movement arc='(28,27)' entry='4680.000' exit='4740.000' entryinminute='78.000' exitinminute='79.000' />
				<movement arc='(27,26)' entry='4740.000' exit='4860.000' entryinminute='79.000' exitinminute='81.000' />
				<movement arc='(26,25)' entry='4860.000' exit='4920.000' entryinminute='81.000' exitinminute='82.000' />
				<movement arc='(25,22)' entry='4920.000' exit='5100.000' entryinminute='82.000' exitinminute='85.000' />
				<movement arc='(22,21)' entry='5100.000' exit='5160.000' entryinminute='85.000' exitinminute='86.000' />
				<movement arc='(21,20)' entry='5160.000' exit='5580.000' entryinminute='86.000' exitinminute='93.000' />
				<movement arc='(20,85)' entry='5580.000' exit='5940.000' entryinminute='93.000' exitinminute='99.000' />
				<movement arc='(85,84)' entry='5940.000' exit='6060.000' entryinminute='99.000' exitinminute='101.000' />
				<movement arc='(84,83)' entry='6060.000' exit='6240.000' entryinminute='101.000' exitinminute='104.000' />
				<movement arc='(83,6)' entry='6240.000' exit='6600.000' entryinminute='104.000' exitinminute='110.000' />
				<movement arc='(6,5)' entry='6600.000' exit='6960.000' entryinminute='110.000' exitinminute='116.000' />
				<movement arc='(5,3)' entry='6960.000' exit='7020.000' entryinminute='116.000' exitinminute='117.000' />
				<movement arc='(3,1)' entry='7020.000' exit='7200.000' entryinminute='117.000' exitinminute='120.000' />
				<movement arc='(1,0)' entry='7200.000' exit='7260.000' entryinminute='120.000' exitinminute='121.000' />
				<destination entry='121.000'/>
			</movements>
		</train>
			<movements>
				<movement arc='(16,14)' entry='1620.000' exit='1740.000' entryinminute='27.000' exitinminute='29.000' />
				<movement arc='(14,13)' entry='1740.000' exit='2040.000' entryinminute='29.000' exitinminute='34.000' />
				<movement arc='(13,12)' entry='2040.000' exit='2340.000' entryinminute='34.000' exitinminute='39.000' />
				<movement arc='(12,10)' entry='2340.000' exit='2400.000' entryinminute='39.000' exitinminute='40.000' />
				<movement arc='(10,8)' entry='2400.000' exit='2520.000' entryinminute='40.000' exitinminute='42.000' />
				<movement arc='(8,7)' entry='2520.000' exit='2580.000' entryinminute='42.000' exitinminute='43.000' />
				<movement arc='(7,6)' entry='2580.000' exit='2820.000' entryinminute='43.000' exitinminute='47.000' />
				<movement arc='(6,5)' entry='2820.000' exit='3120.000' entryinminute='47.000' exitinminute='52.000' />
				<movement arc='(5,3)' entry='3120.000' exit='3180.000' entryinminute='52.000' exitinminute='53.000' />
				<movement arc='(3,1)' entry='3180.000' exit='3300.000' entryinminute='53.000' exitinminute='55.000' />
				<movement arc='(1,0)' entry='3300.000' exit='3360.000' entryinminute='55.000' exitinminute='56.000' />
				<destination entry='56.000'/>
			</movements>
		</train>
			<movements>
				<movement arc='(0,1)' entry='42000.000' exit='42060.000' entryinminute='700.000' exitinminute='701.000' />
				<movement arc='(1,3)' entry='42060.000' exit='42180.000' entryinminute='701.000' exitinminute='703.000' />
				<movement arc='(3,5)' entry='42180.000' exit='42240.000' entryinminute='703.000' exitinminute='704.000' />
				<movement arc='(5,6)' entry='42240.000' exit='42540.000' entryinminute='704.000' exitinminute='709.000' />
				<movement arc='(6,83)' entry='42540.000' exit='42840.000' entryinminute='709.000' exitinminute='714.000' />
				<movement arc='(83,84)' entry='42840.000' exit='42960.000' entryinminute='714.000' exitinminute='716.000' />
				<movement arc='(84,85)' entry='42960.000' exit='43080.000' entryinminute='716.000' exitinminute='718.000' />
				<movement arc='(85,20)' entry='43080.000' exit='43380.000' entryinminute='718.000' exitinminute='723.000' />
				<movement arc='(20,21)' entry='43380.000' exit='43740.000' entryinminute='723.000' exitinminute='729.000' />
				<movement arc='(21,22)' entry='43740.000' exit='43800.000' entryinminute='729.000' exitinminute='730.000' />
				<movement arc='(22,25)' entry='43800.000' exit='43920.000' entryinminute='730.000' exitinminute='732.000' />
				<movement arc='(25,26)' entry='43920.000' exit='43980.000' entryinminute='732.000' exitinminute='733.000' />
				<movement arc='(26,27)' entry='43980.000' exit='44040.000' entryinminute='733.000' exitinminute='734.000' />
				<movement arc='(27,28)' entry='44040.000' exit='44100.000' entryinminute='734.000' exitinminute='735.000' />
				<movement arc='(28,30)' entry='44100.000' exit='44280.000' entryinminute='735.000' exitinminute='738.000' />
				<movement arc='(30,31)' entry='44280.000' exit='44460.000' entryinminute='738.000' exitinminute='741.000' />
				<movement arc='(31,32)' entry='44460.000' exit='44520.000' entryinminute='741.000' exitinminute='742.000' />
				<movement arc='(32,34)' entry='44520.000' exit='44640.000' entryinminute='742.000' exitinminute='744.000' />
				<movement arc='(34,36)' entry='44640.000' exit='44700.000' entryinminute='744.000' exitinminute='745.000' />
				<movement arc='(36,37)' entry='44700.000' exit='44880.000' entryinminute='745.000' exitinminute='748.000' />
				<movement arc='(37,40)' entry='44880.000' exit='44940.000' entryinminute='748.000' exitinminute='749.000' />
				<movement arc='(40,43)' entry='44940.000' exit='45060.000' entryinminute='749.000' exitinminute='751.000' />
				<movement arc='(43,45)' entry='45060.000' exit='45240.000' entryinminute='751.000' exitinminute='754.000' />
				<movement arc='(45,46)' entry='45240.000' exit='45360.000' entryinminute='754.000' exitinminute='756.000' />
				<movement arc='(46,48)' entry='45360.000' exit='45600.000' entryinminute='756.000' exitinminute='760.000' />
				<movement arc='(48,54)' entry='45600.000' exit='45840.000' entryinminute='760.000' exitinminute='764.000' />
				<movement arc='(54,57)' entry='45840.000' exit='45900.000' entryinminute='764.000' exitinminute='765.000' />
				<movement arc='(57,59)' entry='45900.000' exit='46080.000' entryinminute='765.000' exitinminute='768.000' />
				<movement arc='(59,61)' entry='46080.000' exit='46260.000' entryinminute='768.000' exitinminute='771.000' />
				<movement arc='(61,63)' entry='46260.000' exit='46320.000' entryinminute='771.000' exitinminute='772.000' />
				<movement arc='(63,65)' entry='46320.000' exit='46500.000' entryinminute='772.000' exitinminute='775.000' />
				<movement arc='(65,67)' entry='46500.000' exit='46680.000' entryinminute='775.000' exitinminute='778.000' />
				<movement arc='(67,69)' entry='46680.000' exit='46740.000' entryinminute='778.000' exitinminute='779.000' />
				<movement arc='(69,70)' entry='46740.000' exit='47040.000' entryinminute='779.000' exitinminute='784.000' />
				<movement arc='(70,71)' entry='47040.000' exit='47340.000' entryinminute='784.000' exitinminute='789.000' />
				<movement arc='(71,72)' entry='47340.000' exit='47400.000' entryinminute='789.000' exitinminute='790.000' />
				<movement arc='(72,74)' entry='47400.000' exit='47520.000' entryinminute='790.000' exitinminute='792.000' />
				<movement arc='(74,76)' entry='47520.000' exit='47580.000' entryinminute='792.000' exitinminute='793.000' />
				<movement arc='(76,77)' entry='47580.000' exit='47820.000' entryinminute='793.000' exitinminute='797.000' />
				<movement arc='(77,78)' entry='47820.000' exit='48060.000' entryinminute='797.000' exitinminute='801.000' />
				<movement arc='(78,80)' entry='48060.000' exit='48180.000' entryinminute='801.000' exitinminute='803.000' />
				<movement arc='(80,82)' entry='48180.000' exit='49200.000' entryinminute='803.000' exitinminute='820.000' />
				<movement arc='(82,38)' entry='49200.000' exit='49320.000' entryinminute='820.000' exitinminute='822.000' />
				<movement arc='(38,39)' entry='49320.000' exit='49620.000' entryinminute='822.000' exitinminute='827.000' />
				<destination entry='827.000'/>
			</movements>
		</train>
			<movements>
				<movement arc='(0,1)' entry='42600.000' exit='42660.000' entryinminute='710.000' exitinminute='711.000' />
				<movement arc='(1,3)' entry='42660.000' exit='42840.000' entryinminute='711.000' exitinminute='714.000' />
				<movement arc='(3,5)' entry='42840.000' exit='42900.000' entryinminute='714.000' exitinminute='715.000' />
				<movement arc='(5,6)' entry='42900.000' exit='43260.000' entryinminute='715.000' exitinminute='721.000' />
				<movement arc='(6,83)' entry='43260.000' exit='43620.000' entryinminute='721.000' exitinminute='727.000' />
				<movement arc='(83,84)' entry='43620.000' exit='43800.000' entryinminute='727.000' exitinminute='730.000' />
				<movement arc='(84,85)' entry='43800.000' exit='43920.000' entryinminute='730.000' exitinminute='732.000' />
				<movement arc='(85,86)' entry='43920.000' exit='44100.000' entryinminute='732.000' exitinminute='735.000' />
				<movement arc='(86,87)' entry='44100.000' exit='44340.000' entryinminute='735.000' exitinminute='739.000' />
				<movement arc='(87,88)' entry='44340.000' exit='44460.000' entryinminute='739.000' exitinminute='741.000' />
				<movement arc='(88,89)' entry='44460.000' exit='46320.000' entryinminute='741.000' exitinminute='772.000' />
				<movement arc='(89,91)' entry='46320.000' exit='46440.000' entryinminute='772.000' exitinminute='774.000' />
				<movement arc='(91,38)' entry='46440.000' exit='46800.000' entryinminute='774.000' exitinminute='780.000' />
				<movement arc='(38,39)' entry='46800.000' exit='47160.000' entryinminute='780.000' exitinminute='786.000' />
				<destination entry='786.000'/>
			</movements>
		</train>
			<movements>
				<movement arc='(0,1)' entry='43200.000' exit='43260.000' entryinminute='720.000' exitinminute='721.000' />
				<movement arc='(1,3)' entry='43260.000' exit='43440.000' entryinminute='721.000' exitinminute='724.000' />
				<movement arc='(3,5)' entry='43440.000' exit='43500.000' entryinminute='724.000' exitinminute='725.000' />
				<movement arc='(5,6)' entry='43500.000' exit='43860.000' entryinminute='725.000' exitinminute='731.000' />
				<movement arc='(6,83)' entry='43860.000' exit='44220.000' entryinminute='731.000' exitinminute='737.000' />
				<movement arc='(83,84)' entry='44220.000' exit='44400.000' entryinminute='737.000' exitinminute='740.000' />
				<movement arc='(84,85)' entry='44400.000' exit='44520.000' entryinminute='740.000' exitinminute='742.000' />
				<movement arc='(85,20)' entry='44520.000' exit='44880.000' entryinminute='742.000' exitinminute='748.000' />
				<movement arc='(20,21)' entry='44880.000' exit='45300.000' entryinminute='748.000' exitinminute='755.000' />
				<movement arc='(21,22)' entry='45300.000' exit='45360.000' entryinminute='755.000' exitinminute='756.000' />
				<movement arc='(22,25)' entry='45360.000' exit='45540.000' entryinminute='756.000' exitinminute='759.000' />
				<movement arc='(25,26)' entry='45540.000' exit='45600.000' entryinminute='759.000' exitinminute='760.000' />
				<movement arc='(26,27)' entry='45600.000' exit='45720.000' entryinminute='760.000' exitinminute='762.000' />
				<movement arc='(27,28)' entry='45720.000' exit='45780.000' entryinminute='762.000' exitinminute='763.000' />
				<movement arc='(28,30)' entry='45780.000' exit='46020.000' entryinminute='763.000' exitinminute='767.000' />
				<movement arc='(30,31)' entry='46020.000' exit='46260.000' entryinminute='767.000' exitinminute='771.000' />
				<movement arc='(31,33)' entry='46260.000' exit='46380.000' entryinminute='771.000' exitinminute='773.000' />
				<movement arc='(33,35)' entry='46380.000' exit='49140.000' entryinminute='773.000' exitinminute='819.000' />
				<movement arc='(35,36)' entry='49140.000' exit='49260.000' entryinminute='819.000' exitinminute='821.000' />
				<movement arc='(36,37)' entry='49260.000' exit='49500.000' entryinminute='821.000' exitinminute='825.000' />
				<movement arc='(37,40)' entry='49500.000' exit='49560.000' entryinminute='825.000' exitinminute='826.000' />
				<movement arc='(40,43)' entry='49560.000' exit='49740.000' entryinminute='826.000' exitinminute='829.000' />
				<movement arc='(43,45)' entry='49740.000' exit='49980.000' entryinminute='829.000' exitinminute='833.000' />
				<movement arc='(45,46)' entry='49980.000' exit='50100.000' entryinminute='833.000' exitinminute='835.000' />
				<movement arc='(46,48)' entry='50100.000' exit='50400.000' entryinminute='835.000' exitinminute='840.000' />
				<movement arc='(48,54)' entry='50400.000' exit='50700.000' entryinminute='840.000' exitinminute='845.000' />
				<movement arc='(54,58)' entry='50700.000' exit='50820.000' entryinminute='845.000' exitinminute='847.000' />
				<movement arc='(58,60)' entry='50820.000' exit='51060.000' entryinminute='847.000' exitinminute='851.000' />
				<movement arc='(60,62)' entry='51060.000' exit='51300.000' entryinminute='851.000' exitinminute='855.000' />
				<movement arc='(62,64)' entry='51300.000' exit='51360.000' entryinminute='855.000' exitinminute='856.000' />
				<movement arc='(64,66)' entry='51360.000' exit='51600.000' entryinminute='856.000' exitinminute='860.000' />
				<movement arc='(66,68)' entry='51600.000' exit='51840.000' entryinminute='860.000' exitinminute='864.000' />
				<movement arc='(68,69)' entry='51840.000' exit='51960.000' entryinminute='864.000' exitinminute='866.000' />
				<movement arc='(69,70)' entry='51960.000' exit='52320.000' entryinminute='866.000' exitinminute='872.000' />
				<movement arc='(70,71)' entry='52320.000' exit='52680.000' entryinminute='872.000' exitinminute='878.000' />
				<movement arc='(71,72)' entry='52680.000' exit='52740.000' entryinminute='878.000' exitinminute='879.000' />
				<movement arc='(72,74)' entry='52740.000' exit='52920.000' entryinminute='879.000' exitinminute='882.000' />
				<movement arc='(74,76)' entry='52920.000' exit='52980.000' entryinminute='882.000' exitinminute='883.000' />
				<movement arc='(76,77)' entry='52980.000' exit='53280.000' entryinminute='883.000' exitinminute='888.000' />
				<movement arc='(77,78)' entry='53280.000' exit='53580.000' entryinminute='888.000' exitinminute='893.000' />
				<movement arc='(78,79)' entry='53580.000' exit='53640.000' entryinminute='893.000' exitinminute='894.000' />
				<movement arc='(79,81)' entry='53640.000' exit='53820.000' entryinminute='894.000' exitinminute='897.000' />
				<movement arc='(81,38)' entry='53820.000' exit='53880.000' entryinminute='897.000' exitinminute='898.000' />
				<movement arc='(38,39)' entry='53880.000' exit='54240.000' entryinminute='898.000' exitinminute='904.000' />
				<destination entry='904.000'/>
			</movements>
		</train>
			<movements>
				<movement arc='(0,2)' entry='43800.000' exit='43980.000' entryinminute='730.000' exitinminute='733.000' />
				<movement arc='(2,4)' entry='43980.000' exit='48120.000' entryinminute='733.000' exitinminute='802.000' />
				<movement arc='(4,5)' entry='48120.000' exit='48300.000' entryinminute='802.000' exitinminute='805.000' />
				<movement arc='(5,6)' entry='48300.000' exit='48780.000' entryinminute='805.000' exitinminute='813.000' />
				<movement arc='(6,83)' entry='48780.000' exit='49260.000' entryinminute='813.000' exitinminute='821.000' />
				<movement arc='(83,84)' entry='49260.000' exit='49500.000' entryinminute='821.000' exitinminute='825.000' />
				<movement arc='(84,85)' entry='49500.000' exit='49680.000' entryinminute='825.000' exitinminute='828.000' />
				<movement arc='(85,86)' entry='49680.000' exit='49920.000' entryinminute='828.000' exitinminute='832.000' />
				<movement arc='(86,87)' entry='49920.000' exit='50220.000' entryinminute='832.000' exitinminute='837.000' />
				<movement arc='(87,90)' entry='50220.000' exit='50520.000' entryinminute='837.000' exitinminute='842.000' />
				<movement arc='(90,91)' entry='50520.000' exit='50640.000' entryinminute='842.000' exitinminute='844.000' />
				<movement arc='(91,38)' entry='50640.000' exit='51120.000' entryinminute='844.000' exitinminute='852.000' />
				<movement arc='(38,39)' entry='51120.000' exit='51600.000' entryinminute='852.000' exitinminute='860.000' />
				<destination entry='860.000'/>
			</movements>
		</train>
			<movements>
				<movement arc='(0,1)' entry='48960.000' exit='49020.000' entryinminute='816.000' exitinminute='817.000' />
				<movement arc='(1,3)' entry='49020.000' exit='49200.000' entryinminute='817.000' exitinminute='820.000' />
				<movement arc='(3,5)' entry='49200.000' exit='49260.000' entryinminute='820.000' exitinminute='821.000' />
				<movement arc='(5,6)' entry='49260.000' exit='49680.000' entryinminute='821.000' exitinminute='828.000' />
				<movement arc='(6,83)' entry='49680.000' exit='50100.000' entryinminute='828.000' exitinminute='835.000' />
				<movement arc='(83,84)' entry='50100.000' exit='50280.000' entryinminute='835.000' exitinminute='838.000' />
				<movement arc='(84,85)' entry='50280.000' exit='50460.000' entryinminute='838.000' exitinminute='841.000' />
				<movement arc='(85,86)' entry='50460.000' exit='50640.000' entryinminute='841.000' exitinminute='844.000' />
				<movement arc='(86,87)' entry='50640.000' exit='50940.000' entryinminute='844.000' exitinminute='849.000' />
				<movement arc='(87,90)' entry='50940.000' exit='51240.000' entryinminute='849.000' exitinminute='854.000' />
				<movement arc='(90,91)' entry='51240.000' exit='51360.000' entryinminute='854.000' exitinminute='856.000' />
				<movement arc='(91,38)' entry='51360.000' exit='51780.000' entryinminute='856.000' exitinminute='863.000' />
				<movement arc='(38,39)' entry='51780.000' exit='52200.000' entryinminute='863.000' exitinminute='870.000' />
				<destination entry='870.000'/>
			</movements>
		</train>
			<movements>
				<movement arc='(0,2)' entry='55680.000' exit='55980.000' entryinminute='928.000' exitinminute='933.000' />
				<movement arc='(2,4)' entry='55980.000' exit='64440.000' entryinminute='933.000' exitinminute='1074.000' />
				<movement arc='(4,5)' entry='64440.000' exit='64740.000' entryinminute='1074.000' exitinminute='1079.000' />
				<movement arc='(5,6)' entry='64740.000' exit='65520.000' entryinminute='1079.000' exitinminute='1092.000' />
				<movement arc='(6,83)' entry='65520.000' exit='66300.000' entryinminute='1092.000' exitinminute='1105.000' />
				<movement arc='(83,84)' entry='66300.000' exit='66660.000' entryinminute='1105.000' exitinminute='1111.000' />
				<movement arc='(84,85)' entry='66660.000' exit='66900.000' entryinminute='1111.000' exitinminute='1115.000' />
				<movement arc='(85,86)' entry='66900.000' exit='67260.000' entryinminute='1115.000' exitinminute='1121.000' />
				<movement arc='(86,87)' entry='67260.000' exit='67740.000' entryinminute='1121.000' exitinminute='1129.000' />
				<movement arc='(87,90)' entry='67740.000' exit='68220.000' entryinminute='1129.000' exitinminute='1137.000' />
				<movement arc='(90,91)' entry='68220.000' exit='68400.000' entryinminute='1137.000' exitinminute='1140.000' />
				<movement arc='(91,38)' entry='68400.000' exit='69180.000' entryinminute='1140.000' exitinminute='1153.000' />
				<movement arc='(38,39)' entry='69180.000' exit='69960.000' entryinminute='1153.000' exitinminute='1166.000' />
				<destination entry='1166.000'/>
			</movements>
		</train>
			<movements>
				<movement arc='(0,1)' entry='51060.000' exit='51120.000' entryinminute='851.000' exitinminute='852.000' />
				<movement arc='(1,3)' entry='51120.000' exit='51240.000' entryinminute='852.000' exitinminute='854.000' />
				<movement arc='(3,5)' entry='51240.000' exit='51300.000' entryinminute='854.000' exitinminute='855.000' />
				<movement arc='(5,6)' entry='51300.000' exit='51540.000' entryinminute='855.000' exitinminute='859.000' />
				<movement arc='(6,83)' entry='51540.000' exit='51780.000' entryinminute='859.000' exitinminute='863.000' />
				<movement arc='(83,84)' entry='51780.000' exit='51900.000' entryinminute='863.000' exitinminute='865.000' />
				<movement arc='(84,85)' entry='51900.000' exit='52020.000' entryinminute='865.000' exitinminute='867.000' />
				<movement arc='(85,86)' entry='52020.000' exit='52140.000' entryinminute='867.000' exitinminute='869.000' />
				<movement arc='(86,87)' entry='52140.000' exit='52320.000' entryinminute='869.000' exitinminute='872.000' />
				<movement arc='(87,90)' entry='52320.000' exit='52500.000' entryinminute='872.000' exitinminute='875.000' />
				<movement arc='(90,91)' entry='52500.000' exit='52560.000' entryinminute='875.000' exitinminute='876.000' />
				<movement arc='(91,38)' entry='52560.000' exit='52800.000' entryinminute='876.000' exitinminute='880.000' />
				<movement arc='(38,39)' entry='52800.000' exit='53040.000' entryinminute='880.000' exitinminute='884.000' />
				<destination entry='884.000'/>
			</movements>
		</train>
			<movements>
				<movement arc='(0,1)' entry='51360.000' exit='51420.000' entryinminute='856.000' exitinminute='857.000' />
				<movement arc='(1,3)' entry='51420.000' exit='51660.000' entryinminute='857.000' exitinminute='861.000' />
				<movement arc='(3,5)' entry='51660.000' exit='51720.000' entryinminute='861.000' exitinminute='862.000' />
				<movement arc='(5,6)' entry='51720.000' exit='52260.000' entryinminute='862.000' exitinminute='871.000' />
				<movement arc='(6,83)' entry='52260.000' exit='52800.000' entryinminute='871.000' exitinminute='880.000' />
				<movement arc='(83,84)' entry='52800.000' exit='53040.000' entryinminute='880.000' exitinminute='884.000' />
				<movement arc='(84,85)' entry='53040.000' exit='53220.000' entryinminute='884.000' exitinminute='887.000' />
				<movement arc='(85,86)' entry='53220.000' exit='53460.000' entryinminute='887.000' exitinminute='891.000' />
				<movement arc='(86,87)' entry='53460.000' exit='53820.000' entryinminute='891.000' exitinminute='897.000' />
				<movement arc='(87,90)' entry='53820.000' exit='54180.000' entryinminute='897.000' exitinminute='903.000' />
				<movement arc='(90,91)' entry='54180.000' exit='54300.000' entryinminute='903.000' exitinminute='905.000' />
				<movement arc='(91,38)' entry='54300.000' exit='54840.000' entryinminute='905.000' exitinminute='914.000' />
				<movement arc='(38,39)' entry='54840.000' exit='55380.000' entryinminute='914.000' exitinminute='923.000' />
				<destination entry='923.000'/>
			</movements>
		</train>
			<movements>
				<movement arc='(0,1)' entry='49620.000' exit='49680.000' entryinminute='827.000' exitinminute='828.000' />
				<movement arc='(1,3)' entry='49680.000' exit='49860.000' entryinminute='828.000' exitinminute='831.000' />
				<movement arc='(3,5)' entry='49860.000' exit='49920.000' entryinminute='831.000' exitinminute='832.000' />
				<movement arc='(5,6)' entry='49920.000' exit='50280.000' entryinminute='832.000' exitinminute='838.000' />
				<movement arc='(6,83)' entry='50280.000' exit='50640.000' entryinminute='838.000' exitinminute='844.000' />
				<movement arc='(83,84)' entry='50640.000' exit='50820.000' entryinminute='844.000' exitinminute='847.000' />
				<movement arc='(84,85)' entry='50820.000' exit='50940.000' entryinminute='847.000' exitinminute='849.000' />
				<movement arc='(85,86)' entry='50940.000' exit='51120.000' entryinminute='849.000' exitinminute='852.000' />
				<movement arc='(86,87)' entry='51120.000' exit='51360.000' entryinminute='852.000' exitinminute='856.000' />
				<movement arc='(87,88)' entry='51360.000' exit='51480.000' entryinminute='856.000' exitinminute='858.000' />
				<movement arc='(88,89)' entry='51480.000' exit='52860.000' entryinminute='858.000' exitinminute='881.000' />
				<movement arc='(89,91)' entry='52860.000' exit='52980.000' entryinminute='881.000' exitinminute='883.000' />
				<movement arc='(91,38)' entry='52980.000' exit='53340.000' entryinminute='883.000' exitinminute='889.000' />
				<movement arc='(38,39)' entry='53340.000' exit='53700.000' entryinminute='889.000' exitinminute='895.000' />
				<destination entry='895.000'/>
			</movements>
		</train>
			<movements>
				<movement arc='(0,1)' entry='50640.000' exit='50700.000' entryinminute='844.000' exitinminute='845.000' />
				<movement arc='(1,3)' entry='50700.000' exit='50820.000' entryinminute='845.000' exitinminute='847.000' />
				<movement arc='(3,5)' entry='50820.000' exit='50880.000' entryinminute='847.000' exitinminute='848.000' />
				<movement arc='(5,6)' entry='50880.000' exit='51120.000' entryinminute='848.000' exitinminute='852.000' />
				<movement arc='(6,83)' entry='51120.000' exit='51360.000' entryinminute='852.000' exitinminute='856.000' />
				<movement arc='(83,84)' entry='51360.000' exit='51480.000' entryinminute='856.000' exitinminute='858.000' />
				<movement arc='(84,85)' entry='51480.000' exit='51600.000' entryinminute='858.000' exitinminute='860.000' />
				<movement arc='(85,86)' entry='51600.000' exit='51720.000' entryinminute='860.000' exitinminute='862.000' />
				<movement arc='(86,87)' entry='51720.000' exit='51900.000' entryinminute='862.000' exitinminute='865.000' />
				<movement arc='(87,90)' entry='51900.000' exit='52080.000' entryinminute='865.000' exitinminute='868.000' />
				<movement arc='(90,91)' entry='52080.000' exit='52140.000' entryinminute='868.000' exitinminute='869.000' />
				<movement arc='(91,38)' entry='52140.000' exit='52380.000' entryinminute='869.000' exitinminute='873.000' />
				<movement arc='(38,39)' entry='52380.000' exit='52620.000' entryinminute='873.000' exitinminute='877.000' />
				<destination entry='877.000'/>
			</movements>
		</train>
			<movements>
				<movement arc='(39,38)' entry='55560.000' exit='56160.000' entryinminute='926.000' exitinminute='936.000' />
				<movement arc='(38,91)' entry='56160.000' exit='56700.000' entryinminute='936.000' exitinminute='945.000' />
				<movement arc='(91,90)' entry='56700.000' exit='56820.000' entryinminute='945.000' exitinminute='947.000' />
				<movement arc='(90,87)' entry='56820.000' exit='57180.000' entryinminute='947.000' exitinminute='953.000' />
				<movement arc='(87,86)' entry='57180.000' exit='57540.000' entryinminute='953.000' exitinminute='959.000' />
				<movement arc='(86,85)' entry='57540.000' exit='57780.000' entryinminute='959.000' exitinminute='963.000' />
				<movement arc='(85,84)' entry='57780.000' exit='57960.000' entryinminute='963.000' exitinminute='966.000' />
				<movement arc='(84,83)' entry='57960.000' exit='58200.000' entryinminute='966.000' exitinminute='970.000' />
				<movement arc='(83,6)' entry='58200.000' exit='58740.000' entryinminute='970.000' exitinminute='979.000' />
				<movement arc='(6,5)' entry='58740.000' exit='59340.000' entryinminute='979.000' exitinminute='989.000' />
				<movement arc='(5,3)' entry='59340.000' exit='59400.000' entryinminute='989.000' exitinminute='990.000' />
				<movement arc='(3,1)' entry='59400.000' exit='59640.000' entryinminute='990.000' exitinminute='994.000' />
				<movement arc='(1,0)' entry='59640.000' exit='59700.000' entryinminute='994.000' exitinminute='995.000' />
				<destination entry='995.000'/>
			</movements>
		</train>
			<movements>
				<movement arc='(39,38)' entry='57900.000' exit='58980.000' entryinminute='965.000' exitinminute='983.000' />
				<movement arc='(38,91)' entry='58980.000' exit='59940.000' entryinminute='983.000' exitinminute='999.000' />
				<movement arc='(91,90)' entry='59940.000' exit='60180.000' entryinminute='999.000' exitinminute='1003.000' />
				<movement arc='(90,87)' entry='60180.000' exit='60780.000' entryinminute='1003.000' exitinminute='1013.000' />
				<movement arc='(87,86)' entry='60780.000' exit='61380.000' entryinminute='1013.000' exitinminute='1023.000' />
				<movement arc='(86,85)' entry='61380.000' exit='61800.000' entryinminute='1023.000' exitinminute='1030.000' />
				<movement arc='(85,84)' entry='61800.000' exit='62100.000' entryinminute='1030.000' exitinminute='1035.000' />
				<movement arc='(84,83)' entry='62100.000' exit='62520.000' entryinminute='1035.000' exitinminute='1042.000' />
				<movement arc='(83,6)' entry='62520.000' exit='63480.000' entryinminute='1042.000' exitinminute='1058.000' />
				<movement arc='(6,5)' entry='63480.000' exit='64560.000' entryinminute='1058.000' exitinminute='1076.000' />
				<movement arc='(5,3)' entry='64560.000' exit='64680.000' entryinminute='1076.000' exitinminute='1078.000' />
				<movement arc='(3,1)' entry='64680.000' exit='65100.000' entryinminute='1078.000' exitinminute='1085.000' />
				<movement arc='(1,0)' entry='65100.000' exit='65220.000' entryinminute='1085.000' exitinminute='1087.000' />
				<destination entry='1087.000'/>
			</movements>
		</train>
			<movements>
				<movement arc='(39,38)' entry='43740.000' exit='44040.000' entryinminute='729.000' exitinminute='734.000' />
				<movement arc='(38,91)' entry='44040.000' exit='44280.000' entryinminute='734.000' exitinminute='738.000' />
				<movement arc='(91,90)' entry='44280.000' exit='44340.000' entryinminute='738.000' exitinminute='739.000' />
				<movement arc='(90,87)' entry='44340.000' exit='44520.000' entryinminute='739.000' exitinminute='742.000' />
				<movement arc='(87,86)' entry='44520.000' exit='44700.000' entryinminute='742.000' exitinminute='745.000' />
				<movement arc='(86,85)' entry='44700.000' exit='44820.000' entryinminute='745.000' exitinminute='747.000' />
				<movement arc='(85,84)' entry='44820.000' exit='44940.000' entryinminute='747.000' exitinminute='749.000' />
				<movement arc='(84,83)' entry='44940.000' exit='45060.000' entryinminute='749.000' exitinminute='751.000' />
				<movement arc='(83,6)' entry='45060.000' exit='45300.000' entryinminute='751.000' exitinminute='755.000' />
				<movement arc='(6,5)' entry='45300.000' exit='45600.000' entryinminute='755.000' exitinminute='760.000' />
				<movement arc='(5,3)' entry='45600.000' exit='45660.000' entryinminute='760.000' exitinminute='761.000' />
				<movement arc='(3,1)' entry='45660.000' exit='45780.000' entryinminute='761.000' exitinminute='763.000' />
				<movement arc='(1,0)' entry='45780.000' exit='45840.000' entryinminute='763.000' exitinminute='764.000' />
				<destination entry='764.000'/>
			</movements>
		</train>
			<movements>
				<movement arc='(39,38)' entry='44220.000' exit='44580.000' entryinminute='737.000' exitinminute='743.000' />
				<movement arc='(38,91)' entry='44580.000' exit='44880.000' entryinminute='743.000' exitinminute='748.000' />
				<movement arc='(91,90)' entry='44880.000' exit='44940.000' entryinminute='748.000' exitinminute='749.000' />
				<movement arc='(90,87)' entry='44940.000' exit='45120.000' entryinminute='749.000' exitinminute='752.000' />
				<movement arc='(87,86)' entry='45120.000' exit='45300.000' entryinminute='752.000' exitinminute='755.000' />
				<movement arc='(86,85)' entry='45300.000' exit='45420.000' entryinminute='755.000' exitinminute='757.000' />
				<movement arc='(85,84)' entry='45420.000' exit='45540.000' entryinminute='757.000' exitinminute='759.000' />
				<movement arc='(84,83)' entry='45540.000' exit='45660.000' entryinminute='759.000' exitinminute='761.000' />
				<movement arc='(83,6)' entry='45660.000' exit='45960.000' entryinminute='761.000' exitinminute='766.000' />
				<movement arc='(6,5)' entry='45960.000' exit='46320.000' entryinminute='766.000' exitinminute='772.000' />
				<movement arc='(5,3)' entry='46320.000' exit='46380.000' entryinminute='772.000' exitinminute='773.000' />
				<movement arc='(3,1)' entry='46380.000' exit='46560.000' entryinminute='773.000' exitinminute='776.000' />
				<movement arc='(1,0)' entry='46560.000' exit='46620.000' entryinminute='776.000' exitinminute='777.000' />
				<destination entry='777.000'/>
			</movements>
		</train>
			<movements>
				<movement arc='(39,38)' entry='45480.000' exit='45900.000' entryinminute='758.000' exitinminute='765.000' />
				<movement arc='(38,91)' entry='45900.000' exit='46260.000' entryinminute='765.000' exitinminute='771.000' />
				<movement arc='(91,90)' entry='46260.000' exit='46380.000' entryinminute='771.000' exitinminute='773.000' />
				<movement arc='(90,87)' entry='46380.000' exit='46620.000' entryinminute='773.000' exitinminute='777.000' />
				<movement arc='(87,86)' entry='46620.000' exit='46860.000' entryinminute='777.000' exitinminute='781.000' />
				<movement arc='(86,85)' entry='46860.000' exit='47040.000' entryinminute='781.000' exitinminute='784.000' />
				<movement arc='(85,84)' entry='47040.000' exit='47160.000' entryinminute='784.000' exitinminute='786.000' />
				<movement arc='(84,83)' entry='47160.000' exit='47340.000' entryinminute='786.000' exitinminute='789.000' />
				<movement arc='(83,6)' entry='47340.000' exit='47700.000' entryinminute='789.000' exitinminute='795.000' />
				<movement arc='(6,5)' entry='47700.000' exit='48120.000' entryinminute='795.000' exitinminute='802.000' />
				<movement arc='(5,3)' entry='48120.000' exit='48180.000' entryinminute='802.000' exitinminute='803.000' />
				<movement arc='(3,1)' entry='48180.000' exit='48360.000' entryinminute='803.000' exitinminute='806.000' />
				<movement arc='(1,0)' entry='48360.000' exit='48420.000' entryinminute='806.000' exitinminute='807.000' />
				<destination entry='807.000'/>
			</movements>
		</train>
			<movements>
				<movement arc='(39,38)' entry='45000.000' exit='45300.000' entryinminute='750.000' exitinminute='755.000' />
				<movement arc='(38,91)' entry='45300.000' exit='45540.000' entryinminute='755.000' exitinminute='759.000' />
				<movement arc='(91,90)' entry='45540.000' exit='45600.000' entryinminute='759.000' exitinminute='760.000' />
				<movement arc='(90,87)' entry='45600.000' exit='45780.000' entryinminute='760.000' exitinminute='763.000' />
				<movement arc='(87,86)' entry='45780.000' exit='45960.000' entryinminute='763.000' exitinminute='766.000' />
				<movement arc='(86,85)' entry='45960.000' exit='46080.000' entryinminute='766.000' exitinminute='768.000' />
				<movement arc='(85,84)' entry='46080.000' exit='46200.000' entryinminute='768.000' exitinminute='770.000' />
				<movement arc='(84,83)' entry='46200.000' exit='46320.000' entryinminute='770.000' exitinminute='772.000' />
				<movement arc='(83,6)' entry='46320.000' exit='46560.000' entryinminute='772.000' exitinminute='776.000' />
				<movement arc='(6,5)' entry='46560.000' exit='46860.000' entryinminute='776.000' exitinminute='781.000' />
				<movement arc='(5,3)' entry='46860.000' exit='46920.000' entryinminute='781.000' exitinminute='782.000' />
				<movement arc='(3,1)' entry='46920.000' exit='47040.000' entryinminute='782.000' exitinminute='784.000' />
				<movement arc='(1,0)' entry='47040.000' exit='47100.000' entryinminute='784.000' exitinminute='785.000' />
				<destination entry='785.000'/>
			</movements>
		</train>
			<movements>
				<movement arc='(39,38)' entry='49800.000' exit='50100.000' entryinminute='830.000' exitinminute='835.000' />
				<movement arc='(38,81)' entry='50100.000' exit='50160.000' entryinminute='835.000' exitinminute='836.000' />
				<movement arc='(81,79)' entry='50160.000' exit='50280.000' entryinminute='836.000' exitinminute='838.000' />
				<movement arc='(79,78)' entry='50280.000' exit='50340.000' entryinminute='838.000' exitinminute='839.000' />
				<movement arc='(78,77)' entry='50340.000' exit='50580.000' entryinminute='839.000' exitinminute='843.000' />
				<movement arc='(77,76)' entry='50580.000' exit='50820.000' entryinminute='843.000' exitinminute='847.000' />
				<movement arc='(76,74)' entry='50820.000' exit='50880.000' entryinminute='847.000' exitinminute='848.000' />
				<movement arc='(74,72)' entry='50880.000' exit='51000.000' entryinminute='848.000' exitinminute='850.000' />
				<movement arc='(72,71)' entry='51000.000' exit='51060.000' entryinminute='850.000' exitinminute='851.000' />
				<movement arc='(71,70)' entry='51060.000' exit='51360.000' entryinminute='851.000' exitinminute='856.000' />
				<movement arc='(70,69)' entry='51360.000' exit='51660.000' entryinminute='856.000' exitinminute='861.000' />
				<movement arc='(69,67)' entry='51660.000' exit='51720.000' entryinminute='861.000' exitinminute='862.000' />
				<movement arc='(67,65)' entry='51720.000' exit='51900.000' entryinminute='862.000' exitinminute='865.000' />
				<movement arc='(65,63)' entry='51900.000' exit='52080.000' entryinminute='865.000' exitinminute='868.000' />
				<movement arc='(63,61)' entry='52080.000' exit='52140.000' entryinminute='868.000' exitinminute='869.000' />
				<movement arc='(61,59)' entry='52140.000' exit='52320.000' entryinminute='869.000' exitinminute='872.000' />
				<movement arc='(59,57)' entry='52320.000' exit='52500.000' entryinminute='872.000' exitinminute='875.000' />
				<movement arc='(57,54)' entry='52500.000' exit='52560.000' entryinminute='875.000' exitinminute='876.000' />
				<movement arc='(54,48)' entry='52560.000' exit='52800.000' entryinminute='876.000' exitinminute='880.000' />
				<movement arc='(48,46)' entry='52800.000' exit='53040.000' entryinminute='880.000' exitinminute='884.000' />
				<movement arc='(46,45)' entry='53040.000' exit='53160.000' entryinminute='884.000' exitinminute='886.000' />
				<movement arc='(45,43)' entry='53160.000' exit='53340.000' entryinminute='886.000' exitinminute='889.000' />
				<movement arc='(43,40)' entry='53340.000' exit='53460.000' entryinminute='889.000' exitinminute='891.000' />
				<movement arc='(40,37)' entry='53460.000' exit='53520.000' entryinminute='891.000' exitinminute='892.000' />
				<movement arc='(37,36)' entry='53520.000' exit='53700.000' entryinminute='892.000' exitinminute='895.000' />
				<movement arc='(36,34)' entry='53700.000' exit='53760.000' entryinminute='895.000' exitinminute='896.000' />
				<movement arc='(34,32)' entry='53760.000' exit='53880.000' entryinminute='896.000' exitinminute='898.000' />
				<movement arc='(32,31)' entry='53880.000' exit='53940.000' entryinminute='898.000' exitinminute='899.000' />
				<movement arc='(31,30)' entry='53940.000' exit='54120.000' entryinminute='899.000' exitinminute='902.000' />
				<movement arc='(30,28)' entry='54120.000' exit='54300.000' entryinminute='902.000' exitinminute='905.000' />
				<movement arc='(28,27)' entry='54300.000' exit='54360.000' entryinminute='905.000' exitinminute='906.000' />
				<movement arc='(27,26)' entry='54360.000' exit='54420.000' entryinminute='906.000' exitinminute='907.000' />
				<movement arc='(26,25)' entry='54420.000' exit='54480.000' entryinminute='907.000' exitinminute='908.000' />
				<movement arc='(25,22)' entry='54480.000' exit='54600.000' entryinminute='908.000' exitinminute='910.000' />
				<movement arc='(22,21)' entry='54600.000' exit='54660.000' entryinminute='910.000' exitinminute='911.000' />
				<movement arc='(21,20)' entry='54660.000' exit='55020.000' entryinminute='911.000' exitinminute='917.000' />
				<movement arc='(20,85)' entry='55020.000' exit='55260.000' entryinminute='917.000' exitinminute='921.000' />
				<movement arc='(85,84)' entry='55260.000' exit='55380.000' entryinminute='921.000' exitinminute='923.000' />
				<movement arc='(84,83)' entry='55380.000' exit='55500.000' entryinminute='923.000' exitinminute='925.000' />
				<movement arc='(83,6)' entry='55500.000' exit='55740.000' entryinminute='925.000' exitinminute='929.000' />
				<movement arc='(6,5)' entry='55740.000' exit='56040.000' entryinminute='929.000' exitinminute='934.000' />
				<movement arc='(5,3)' entry='56040.000' exit='56100.000' entryinminute='934.000' exitinminute='935.000' />
				<movement arc='(3,1)' entry='56100.000' exit='56220.000' entryinminute='935.000' exitinminute='937.000' />
				<movement arc='(1,0)' entry='56220.000' exit='56280.000' entryinminute='937.000' exitinminute='938.000' />
				<destination entry='938.000'/>
			</movements>
		</train>
			<movements>
				<movement arc='(39,38)' entry='57360.000' exit='57720.000' entryinminute='956.000' exitinminute='962.000' />
				<movement arc='(38,91)' entry='57720.000' exit='58080.000' entryinminute='962.000' exitinminute='968.000' />
				<movement arc='(91,90)' entry='58080.000' exit='58200.000' entryinminute='968.000' exitinminute='970.000' />
				<movement arc='(90,87)' entry='58200.000' exit='58440.000' entryinminute='970.000' exitinminute='974.000' />
				<movement arc='(87,86)' entry='58440.000' exit='58680.000' entryinminute='974.000' exitinminute='978.000' />
				<movement arc='(86,85)' entry='58680.000' exit='58860.000' entryinminute='978.000' exitinminute='981.000' />
				<movement arc='(85,84)' entry='58860.000' exit='58980.000' entryinminute='981.000' exitinminute='983.000' />
				<movement arc='(84,83)' entry='58980.000' exit='59160.000' entryinminute='983.000' exitinminute='986.000' />
				<movement arc='(83,6)' entry='59160.000' exit='59520.000' entryinminute='986.000' exitinminute='992.000' />
				<movement arc='(6,5)' entry='59520.000' exit='59880.000' entryinminute='992.000' exitinminute='998.000' />
				<movement arc='(5,3)' entry='59880.000' exit='59940.000' entryinminute='998.000' exitinminute='999.000' />
				<movement arc='(3,1)' entry='59940.000' exit='60120.000' entryinminute='999.000' exitinminute='1002.000' />
				<movement arc='(1,0)' entry='60120.000' exit='60180.000' entryinminute='1002.000' exitinminute='1003.000' />
				<destination entry='1003.000'/>
			</movements>
		</train>
			<movements>
				<movement arc='(39,38)' entry='48840.000' exit='49140.000' entryinminute='814.000' exitinminute='819.000' />
				<movement arc='(38,81)' entry='49140.000' exit='49200.000' entryinminute='819.000' exitinminute='820.000' />
				<movement arc='(81,79)' entry='49200.000' exit='49320.000' entryinminute='820.000' exitinminute='822.000' />
				<movement arc='(79,78)' entry='49320.000' exit='49380.000' entryinminute='822.000' exitinminute='823.000' />
				<movement arc='(78,77)' entry='49380.000' exit='49620.000' entryinminute='823.000' exitinminute='827.000' />
				<movement arc='(77,76)' entry='49620.000' exit='49860.000' entryinminute='827.000' exitinminute='831.000' />
				<movement arc='(76,74)' entry='49860.000' exit='49920.000' entryinminute='831.000' exitinminute='832.000' />
				<movement arc='(74,72)' entry='49920.000' exit='50040.000' entryinminute='832.000' exitinminute='834.000' />
				<movement arc='(72,71)' entry='50040.000' exit='50100.000' entryinminute='834.000' exitinminute='835.000' />
				<movement arc='(71,70)' entry='50100.000' exit='50400.000' entryinminute='835.000' exitinminute='840.000' />
				<movement arc='(70,69)' entry='50400.000' exit='50700.000' entryinminute='840.000' exitinminute='845.000' />
				<movement arc='(69,67)' entry='50700.000' exit='50760.000' entryinminute='845.000' exitinminute='846.000' />
				<movement arc='(67,65)' entry='50760.000' exit='50940.000' entryinminute='846.000' exitinminute='849.000' />
				<movement arc='(65,63)' entry='50940.000' exit='51120.000' entryinminute='849.000' exitinminute='852.000' />
				<movement arc='(63,61)' entry='51120.000' exit='51180.000' entryinminute='852.000' exitinminute='853.000' />
				<movement arc='(61,59)' entry='51180.000' exit='51360.000' entryinminute='853.000' exitinminute='856.000' />
				<movement arc='(59,57)' entry='51360.000' exit='51540.000' entryinminute='856.000' exitinminute='859.000' />
				<movement arc='(57,54)' entry='51540.000' exit='51600.000' entryinminute='859.000' exitinminute='860.000' />
				<movement arc='(54,48)' entry='51600.000' exit='51840.000' entryinminute='860.000' exitinminute='864.000' />
				<movement arc='(48,46)' entry='51840.000' exit='52080.000' entryinminute='864.000' exitinminute='868.000' />
				<movement arc='(46,45)' entry='52080.000' exit='52200.000' entryinminute='868.000' exitinminute='870.000' />
				<movement arc='(45,43)' entry='52200.000' exit='52380.000' entryinminute='870.000' exitinminute='873.000' />
				<movement arc='(43,40)' entry='52380.000' exit='52500.000' entryinminute='873.000' exitinminute='875.000' />
				<movement arc='(40,37)' entry='52500.000' exit='52560.000' entryinminute='875.000' exitinminute='876.000' />
				<movement arc='(37,36)' entry='52560.000' exit='52740.000' entryinminute='876.000' exitinminute='879.000' />
				<movement arc='(36,34)' entry='52740.000' exit='52800.000' entryinminute='879.000' exitinminute='880.000' />
				<movement arc='(34,32)' entry='52800.000' exit='52920.000' entryinminute='880.000' exitinminute='882.000' />
				<movement arc='(32,31)' entry='52920.000' exit='52980.000' entryinminute='882.000' exitinminute='883.000' />
				<movement arc='(31,30)' entry='52980.000' exit='53160.000' entryinminute='883.000' exitinminute='886.000' />
				<movement arc='(30,28)' entry='53160.000' exit='53340.000' entryinminute='886.000' exitinminute='889.000' />
				<movement arc='(28,27)' entry='53340.000' exit='53400.000' entryinminute='889.000' exitinminute='890.000' />
				<movement arc='(27,26)' entry='53400.000' exit='53460.000' entryinminute='890.000' exitinminute='891.000' />
				<movement arc='(26,25)' entry='53460.000' exit='53520.000' entryinminute='891.000' exitinminute='892.000' />
				<movement arc='(25,22)' entry='53520.000' exit='53640.000' entryinminute='892.000' exitinminute='894.000' />
				<movement arc='(22,21)' entry='53640.000' exit='53700.000' entryinminute='894.000' exitinminute='895.000' />
				<movement arc='(21,20)' entry='53700.000' exit='54060.000' entryinminute='895.000' exitinminute='901.000' />
				<movement arc='(20,85)' entry='54060.000' exit='54360.000' entryinminute='901.000' exitinminute='906.000' />
				<movement arc='(85,84)' entry='54360.000' exit='54480.000' entryinminute='906.000' exitinminute='908.000' />
				<movement arc='(84,83)' entry='54480.000' exit='54600.000' entryinminute='908.000' exitinminute='910.000' />
				<movement arc='(83,6)' entry='54600.000' exit='54900.000' entryinminute='910.000' exitinminute='915.000' />
				<movement arc='(6,5)' entry='54900.000' exit='55200.000' entryinminute='915.000' exitinminute='920.000' />
				<movement arc='(5,3)' entry='55200.000' exit='55260.000' entryinminute='920.000' exitinminute='921.000' />
				<movement arc='(3,1)' entry='55260.000' exit='55380.000' entryinminute='921.000' exitinminute='923.000' />
				<movement arc='(1,0)' entry='55380.000' exit='55440.000' entryinminute='923.000' exitinminute='924.000' />
				<destination entry='924.000'/>
			</movements>
		</train>
			<movements>
				<movement arc='(39,38)' entry='48300.000' exit='48600.000' entryinminute='805.000' exitinminute='810.000' />
				<movement arc='(38,81)' entry='48600.000' exit='48660.000' entryinminute='810.000' exitinminute='811.000' />
				<movement arc='(81,79)' entry='48660.000' exit='48780.000' entryinminute='811.000' exitinminute='813.000' />
				<movement arc='(79,78)' entry='48780.000' exit='48840.000' entryinminute='813.000' exitinminute='814.000' />
				<movement arc='(78,77)' entry='48840.000' exit='49080.000' entryinminute='814.000' exitinminute='818.000' />
				<movement arc='(77,76)' entry='49080.000' exit='49320.000' entryinminute='818.000' exitinminute='822.000' />
				<movement arc='(76,74)' entry='49320.000' exit='49380.000' entryinminute='822.000' exitinminute='823.000' />
				<movement arc='(74,72)' entry='49380.000' exit='49500.000' entryinminute='823.000' exitinminute='825.000' />
				<movement arc='(72,71)' entry='49500.000' exit='49560.000' entryinminute='825.000' exitinminute='826.000' />
				<movement arc='(71,70)' entry='49560.000' exit='49860.000' entryinminute='826.000' exitinminute='831.000' />
				<movement arc='(70,69)' entry='49860.000' exit='50160.000' entryinminute='831.000' exitinminute='836.000' />
				<movement arc='(69,67)' entry='50160.000' exit='50220.000' entryinminute='836.000' exitinminute='837.000' />
				<movement arc='(67,65)' entry='50220.000' exit='50400.000' entryinminute='837.000' exitinminute='840.000' />
				<movement arc='(65,63)' entry='50400.000' exit='50580.000' entryinminute='840.000' exitinminute='843.000' />
				<movement arc='(63,61)' entry='50580.000' exit='50640.000' entryinminute='843.000' exitinminute='844.000' />
				<movement arc='(61,59)' entry='50640.000' exit='50820.000' entryinminute='844.000' exitinminute='847.000' />
				<movement arc='(59,57)' entry='50820.000' exit='51000.000' entryinminute='847.000' exitinminute='850.000' />
				<movement arc='(57,54)' entry='51000.000' exit='51060.000' entryinminute='850.000' exitinminute='851.000' />
				<movement arc='(54,48)' entry='51060.000' exit='51300.000' entryinminute='851.000' exitinminute='855.000' />
				<movement arc='(48,46)' entry='51300.000' exit='51540.000' entryinminute='855.000' exitinminute='859.000' />
				<movement arc='(46,45)' entry='51540.000' exit='51660.000' entryinminute='859.000' exitinminute='861.000' />
				<movement arc='(45,43)' entry='51660.000' exit='51840.000' entryinminute='861.000' exitinminute='864.000' />
				<movement arc='(43,40)' entry='51840.000' exit='51960.000' entryinminute='864.000' exitinminute='866.000' />
				<movement arc='(40,37)' entry='51960.000' exit='52020.000' entryinminute='866.000' exitinminute='867.000' />
				<movement arc='(37,36)' entry='52020.000' exit='52200.000' entryinminute='867.000' exitinminute='870.000' />
				<movement arc='(36,34)' entry='52200.000' exit='52260.000' entryinminute='870.000' exitinminute='871.000' />
				<movement arc='(34,32)' entry='52260.000' exit='52380.000' entryinminute='871.000' exitinminute='873.000' />
				<movement arc='(32,31)' entry='52380.000' exit='52440.000' entryinminute='873.000' exitinminute='874.000' />
				<movement arc='(31,30)' entry='52440.000' exit='52620.000' entryinminute='874.000' exitinminute='877.000' />
				<movement arc='(30,28)' entry='52620.000' exit='52800.000' entryinminute='877.000' exitinminute='880.000' />
				<movement arc='(28,27)' entry='52800.000' exit='52860.000' entryinminute='880.000' exitinminute='881.000' />
				<movement arc='(27,26)' entry='52860.000' exit='52920.000' entryinminute='881.000' exitinminute='882.000' />
				<movement arc='(26,25)' entry='52920.000' exit='52980.000' entryinminute='882.000' exitinminute='883.000' />
				<movement arc='(25,22)' entry='52980.000' exit='53100.000' entryinminute='883.000' exitinminute='885.000' />
				<movement arc='(22,21)' entry='53100.000' exit='53160.000' entryinminute='885.000' exitinminute='886.000' />
				<movement arc='(21,20)' entry='53160.000' exit='53520.000' entryinminute='886.000' exitinminute='892.000' />
				<movement arc='(20,85)' entry='53520.000' exit='53820.000' entryinminute='892.000' exitinminute='897.000' />
				<movement arc='(85,84)' entry='53820.000' exit='53940.000' entryinminute='897.000' exitinminute='899.000' />
				<movement arc='(84,83)' entry='53940.000' exit='54060.000' entryinminute='899.000' exitinminute='901.000' />
				<movement arc='(83,6)' entry='54060.000' exit='54360.000' entryinminute='901.000' exitinminute='906.000' />
				<movement arc='(6,5)' entry='54360.000' exit='54660.000' entryinminute='906.000' exitinminute='911.000' />
				<movement arc='(5,3)' entry='54660.000' exit='54720.000' entryinminute='911.000' exitinminute='912.000' />
				<movement arc='(3,1)' entry='54720.000' exit='54840.000' entryinminute='912.000' exitinminute='914.000' />
				<movement arc='(1,0)' entry='54840.000' exit='54900.000' entryinminute='914.000' exitinminute='915.000' />
				<destination entry='915.000'/>
			</movements>
		</train>
	<trains>
<solution>
###########################################################################