###########################################################################
<solution territory='RAS DATA SET 3'>
	<trains>
			<movements>
				<movement arc='(0,1)' entry='7800.000' exit='7860.000' entryinminute='130.000' exitinminute='131.000' />
				<movement arc='(1,3)' entry='7860.000' exit='7980.000' entryinminute='131.000' exitinminute='133.000' />
				<movement arc='(3,5)' entry='7980.000' exit='8040.000' entryinminute='133.000' exitinminute='134.000' />
				<movement arc='(5,6)' entry='8040.000' exit='8340.000' entryinminute='134.000' exitinminute='139.000' />
				<movement arc='(6,83)' entry='8340.000' exit='8640.000' entryinminute='139.000' exitinminute='144.000' />
				<movement arc='(83,84)' entry='8640.000' exit='8760.000' entryinminute='144.000' exitinminute='146.000' />
				<movement arc='(84,85)' entry='8760.000' exit='8880.000' entryinminute='146.000' exitinminute='148.000' />
				<movement arc='(85,86)' entry='8880.000' exit='9000.000' entryinminute='148.000' exitinminute='150.000' />
				<movement arc='(86,87)' entry='9000.000' exit='9180.000' entryinminute='150.000' exitinminute='153.000' />
				<movement arc='(87,88)' entry='9180.000' exit='9240.000' entryinminute='153.000' exitinminute='154.000' />
				<movement arc='(88,89)' entry='9240.000' exit='9660.000' entryinminute='154.000' exitinminute='161.000' />
				<movement arc='(89,91)' entry='9660.000' exit='9780.000' entryinminute='161.000' exitinminute='163.000' />
				<movement arc='(91,38)' entry='9780.000' exit='10080.000' entryinminute='163.000' exitinminute='168.000' />
				<movement arc='(38,39)' entry='10080.000' exit='10380.000' entryinminute='168.000' exitinminute='173.000' />
				<destination entry='173.000'/>
			</movements>
		</train>
			<movements>
				<movement arc='(0,2)' entry='660.000' exit='780.000' entryinminute='11.000' exitinminute='13.000' />
				<movement arc='(2,4)' entry='780.000' exit='6480.000' entryinminute='13.000' exitinminute='108.000' />
				<movement arc='(4,5)' entry='6480.000' exit='6600.000' entryinminute='108.000' exitinminute='110.000' />
				<movement arc='(5,6)' entry='6600.000' exit='6960.000' entryinminute='110.000' exitinminute='116.000' />
				<movement arc='(6,83)' entry='6960.000' exit='7320.000' entryinminute='116.000' exitinminute='122.000' />
				<movement arc='(83,84)' entry='7320.000' exit='7500.000' entryinminute='122.000' exitinminute='125.000' />
				<movement arc='(84,85)' entry='7500.000' exit='7620.000' entryinminute='125.000' exitinminute='127.000' />
				<movement arc='(85,86)' entry='7620.000' exit='7800.000' entryinminute='127.000' exitinminute='130.000' />
				<movement arc='(86,87)' entry='7800.000' exit='8040.000' entryinminute='130.000' exitinminute='134.000' />
				<movement arc='(87,88)' entry='8040.000' exit='8160.000' entryinminute='134.000' exitinminute='136.000' />
				<movement arc='(88,89)' entry='8160.000' exit='9060.000' entryinminute='136.000' exitinminute='151.000' />
				<movement arc='(89,91)' entry='9060.000' exit='9180.000' entryinminute='151.000' exitinminute='153.000' />
				<movement arc='(91,38)' entry='9180.000' exit='9540.000' entryinminute='153.000' exitinminute='159.000' />
				<movement arc='(38,39)' entry='9540.000' exit='9900.000' entryinminute='159.000' exitinminute='165.000' />
				<destination entry='165.000'/>
			</movements>
		</train>
			<movements>
				<movement arc='(0,1)' entry='720.000' exit='780.000' entryinminute='12.000' exitinminute='13.000' />
				<movement arc='(1,3)' entry='780.000' exit='960.000' entryinminute='13.000' exitinminute='16.000' />
				<movement arc='(3,5)' entry='960.000' exit='1020.000' entryinminute='16.000' exitinminute='17.000' />
				<movement arc='(5,6)' entry='1020.000' exit='1380.000' entryinminute='17.000' exitinminute='23.000' />
				<movement arc='(6,83)' entry='1380.000' exit='1740.000' entryinminute='23.000' exitinminute='29.000' />
				<movement arc='(83,84)' entry='1740.000' exit='1920.000' entryinminute='29.000' exitinminute='32.000' />
				<movement arc='(84,85)' entry='1920.000' exit='2040.000' entryinminute='32.000' exitinminute='34.000' />
				<movement arc='(85,86)' entry='2040.000' exit='2220.000' entryinminute='34.000' exitinminute='37.000' />
				<movement arc='(86,87)' entry='2220.000' exit='2460.000' entryinminute='37.000' exitinminute='41.000' />
				<movement arc='(87,88)' entry='2460.000' exit='2580.000' entryinminute='41.000' exitinminute='43.000' />
				<movement arc='(88,89)' entry='2580.000' exit='4680.000' entryinminute='43.000' exitinminute='78.000' />
				<movement arc='(89,91)' entry='4680.000' exit='4800.000' entryinminute='78.000' exitinminute='80.000' />
				<movement arc='(91,38)' entry='4800.000' exit='5160.000' entryinminute='80.000' exitinminute='86.000' />
				<movement arc='(38,39)' entry='5160.000' exit='5520.000' entryinminute='86.000' exitinminute='92.000' />
				<destination entry='92.000'/>
			</movements>
		</train>
			<movements>
				<movement arc='(0,1)' entry='16440.000' exit='16500.000' entryinminute='274.000' exitinminute='275.000' />
				<movement arc='(1,3)' entry='16500.000' exit='16740.000' entryinminute='275.000' exitinminute='279.000' />
				<movement arc='(3,5)' entry='16740.000' exit='16800.000' entryinminute='279.000' exitinminute='280.000' />
				<movement arc='(5,6)' entry='16800.000' exit='17280.000' entryinminute='280.000' exitinminute='288.000' />
				<movement arc='(6,83)' entry='17280.000' exit='17760.000' entryinminute='288.000' exitinminute='296.000' />
				<movement arc='(83,84)' entry='17760.000' exit='18000.000' entryinminute='296.000' exitinminute='300.000' />
				<movement arc='(84,85)' entry='18000.000' exit='18180.000' entryinminute='300.000' exitinminute='303.000' />
				<movement arc='(85,20)' entry='18180.000' exit='18660.000' entryinminute='303.000' exitinminute='311.000' />
				<movement arc='(20,21)' entry='18660.000' exit='19260.000' entryinminute='311.000' exitinminute='321.000' />
				<movement arc='(21,22)' entry='19260.000' exit='19320.000' entryinminute='321.000' exitinminute='322.000' />
				<movement arc='(22,25)' entry='19320.000' exit='19560.000' entryinminute='322.000' exitinminute='326.000' />
				<movement arc='(25,26)' entry='19560.000' exit='19620.000' entryinminute='326.000' exitinminute='327.000' />
				<movement arc='(26,27)' entry='19620.000' exit='19740.000' entryinminute='327.000' exitinminute='329.000' />
				<movement arc='(27,28)' entry='19740.000' exit='19800.000' entryinminute='329.000' exitinminute='330.000' />
				<movement arc='(28,30)' entry='19800.000' exit='20100.000' entryinminute='330.000' exitinminute='335.000' />
				<movement arc='(30,31)' entry='20100.000' exit='20400.000' entryinminute='335.000' exitinminute='340.000' />
				<movement arc='(31,32)' entry='20400.000' exit='20460.000' entryinminute='340.000' exitinminute='341.000' />
				<movement arc='(32,34)' entry='20460.000' exit='20700.000' entryinminute='341.000' exitinminute='345.000' />
				<movement arc='(34,36)' entry='20700.000' exit='20760.000' entryinminute='345.000' exitinminute='346.000' />
				<movement arc='(36,37)' entry='20760.000' exit='21060.000' entryinminute='346.000' exitinminute='351.000' />
				<movement arc='(37,40)' entry='21060.000' exit='21120.000' entryinminute='351.000' exitinminute='352.000' />
				<movement arc='(40,43)' entry='21120.000' exit='21360.000' entryinminute='352.000' exitinminute='356.000' />
				<movement arc='(43,45)' entry='21360.000' exit='21660.000' entryinminute='356.000' exitinminute='361.000' />
				<movement arc='(45,46)' entry='21660.000' exit='21840.000' entryinminute='361.000' exitinminute='364.000' />
				<movement arc='(46,48)' entry='21840.000' exit='22260.000' entryinminute='364.000' exitinminute='371.000' />
				<movement arc='(48,54)' entry='22260.000' exit='22680.000' entryinminute='371.000' exitinminute='378.000' />
				<movement arc='(54,57)' entry='22680.000' exit='22740.000' entryinminute='378.000' exitinminute='379.000' />
				<movement arc='(57,59)' entry='22740.000' exit='23040.000' entryinminute='379.000' exitinminute='384.000' />
				<movement arc='(59,61)' entry='23040.000' exit='23340.000' entryinminute='384.000' exitinminute='389.000' />
				<movement arc='(61,63)' entry='23340.000' exit='23400.000' entryinminute='389.000' exitinminute='390.000' />
				<movement arc='(63,65)' entry='23400.000' exit='23700.000' entryinminute='390.000' exitinminute='395.000' />
				<movement arc='(65,67)' entry='23700.000' exit='24000.000' entryinminute='395.000' exitinminute='400.000' />
				<movement arc='(67,69)' entry='24000.000' exit='24060.000' entryinminute='400.000' exitinminute='401.000' />
				<movement arc='(69,70)' entry='24060.000' exit='24540.000' entryinminute='401.000' exitinminute='409.000' />
				<movement arc='(70,71)' entry='24540.000' exit='25020.000' entryinminute='409.000' exitinminute='417.000' />
				<movement arc='(71,72)' entry='25020.000' exit='25080.000' entryinminute='417.000' exitinminute='418.000' />
				<movement arc='(72,74)' entry='25080.000' exit='25320.000' entryinminute='418.000' exitinminute='422.000' />
				<movement arc='(74,76)' entry='25320.000' exit='25380.000' entryinminute='422.000' exitinminute='423.000' />
				<movement arc='(76,77)' entry='25380.000' exit='25800.000' entryinminute='423.000' exitinminute='430.000' />
				<movement arc='(77,78)' entry='25800.000' exit='26220.000' entryinminute='430.000' exitinminute='437.000' />
				<movement arc='(78,79)' entry='26220.000' exit='26280.000' entryinminute='437.000' exitinminute='438.000' />
				<movement arc='(79,81)' entry='26280.000' exit='26520.000' entryinminute='438.000' exitinminute='442.000' />
				<movement arc='(81,38)' entry='26520.000' exit='26580.000' entryinminute='442.000' exitinminute='443.000' />
				<movement arc='(38,39)' entry='26580.000' exit='27060.000' entryinminute='443.000' exitinminute='451.000' />
				<destination entry='451.000'/>
			</movements>
		</train>
			<movements>
				<movement arc='(0,1)' entry='15240.000' exit='15300.000' entryinminute='254.000' exitinminute='255.000' />
				<movement arc='(1,3)' entry='15300.000' exit='15480.000' entryinminute='255.000' exitinminute='258.000' />
				<movement arc='(3,5)' entry='15480.000' exit='15540.000' entryinminute='258.000' exitinminute='259.000' />
				<movement arc='(5,6)' entry='15540.000' exit='15960.000' entryinminute='259.000' exitinminute='266.000' />
				<movement arc='(6,83)' entry='15960.000' exit='16380.000' entryinminute='266.000' exitinminute='273.000' />
				<movement arc='(83,84)' entry='16380.000' exit='16560.000' entryinminute='273.000' exitinminute='276.000' />
				<movement arc='(84,85)' entry='16560.000' exit='16740.000' entryinminute='276.000' exitinminute='279.000' />
				<movement arc='(85,86)' entry='16740.000' exit='16920.000' entryinminute='279.000' exitinminute='282.000' />
				<movement arc='(86,87)' entry='16920.000' exit='17220.000' entryinminute='282.000' exitinminute='287.000' />
				<movement arc='(87,90)' entry='17220.000' exit='17520.000' entryinminute='287.000' exitinminute='292.000' />
				<movement arc='(90,91)' entry='17520.000' exit='17640.000' entryinminute='292.000' exitinminute='294.000' />
				<movement arc='(91,38)' entry='17640.000' exit='18060.000' entryinminute='294.000' exitinminute='301.000' />
				<movement arc='(38,39)' entry='18060.000' exit='18480.000' entryinminute='301.000' exitinminute='308.000' />
				<destination entry='308.000'/>
			</movements>
		</train>
			<movements>
				<movement arc='(0,2)' entry='26100.000' exit='26400.000' entryinminute='435.000' exitinminute='440.000' />
				<movement arc='(2,4)' entry='26400.000' exit='28020.000' entryinminute='440.000' exitinminute='467.000' />
				<movement arc='(4,5)' entry='28020.000' exit='28320.000' entryinminute='467.000' exitinminute='472.000' />
				<movement arc='(5,6)' entry='28320.000' exit='29100.000' entryinminute='472.000' exitinminute='485.000' />
				<movement arc='(6,7)' entry='29100.000' exit='29760.000' entryinminute='485.000' exitinminute='496.000' />
				<movement arc='(7,8)' entry='29760.000' exit='29820.000' entryinminute='496.000' exitinminute='497.000' />
				<movement arc='(8,10)' entry='29820.000' exit='30180.000' entryinminute='497.000' exitinminute='503.000' />
				<movement arc='(10,12)' entry='30180.000' exit='30240.000' entryinminute='503.000' exitinminute='504.000' />
				<movement arc='(12,13)' entry='30240.000' exit='31020.000' entryinminute='504.000' exitinminute='517.000' />
				<movement arc='(13,14)' entry='31020.000' exit='31800.000' entryinminute='517.000' exitinminute='530.000' />
				<movement arc='(14,16)' entry='31800.000' exit='32100.000' entryinminute='530.000' exitinminute='535.000' />
				<movement arc='(16,18)' entry='32100.000' exit='38880.000' entryinminute='535.000' exitinminute='648.000' />
				<movement arc='(18,19)' entry='38880.000' exit='39180.000' entryinminute='648.000' exitinminute='653.000' />
				<movement arc='(19,20)' entry='39180.000' exit='39960.000' entryinminute='653.000' exitinminute='666.000' />
				<movement arc='(20,21)' entry='39960.000' exit='40920.000' entryinminute='666.000' exitinminute='682.000' />
				<movement arc='(21,22)' entry='40920.000' exit='40980.000' entryinminute='682.000' exitinminute='683.000' />
				<movement arc='(22,25)' entry='40980.000' exit='41340.000' entryinminute='683.000' exitinminute='689.000' />
				<movement arc='(25,26)' entry='41340.000' exit='41400.000' entryinminute='689.000' exitinminute='690.000' />
				<movement arc='(26,27)' entry='41400.000' exit='41580.000' entryinminute='690.000' exitinminute='693.000' />
				<movement arc='(27,28)' entry='41580.000' exit='41640.000' entryinminute='693.000' exitinminute='694.000' />
				<movement arc='(28,30)' entry='41640.000' exit='42120.000' entryinminute='694.000' exitinminute='702.000' />
				<movement arc='(30,31)' entry='42120.000' exit='42600.000' entryinminute='702.000' exitinminute='710.000' />
				<movement arc='(31,32)' entry='42600.000' exit='42660.000' entryinminute='710.000' exitinminute='711.000' />
				<movement arc='(32,34)' entry='42660.000' exit='43020.000' entryinminute='711.000' exitinminute='717.000' />
				<movement arc='(34,36)' entry='43020.000' exit='43080.000' entryinminute='717.000' exitinminute='718.000' />
				<movement arc='(36,37)' entry='43080.000' exit='43560.000' entryinminute='718.000' exitinminute='726.000' />
				<movement arc='(37,40)' entry='43560.000' exit='43620.000' entryinminute='726.000' exitinminute='727.000' />
				<movement arc='(40,43)' entry='43620.000' exit='43980.000' entryinminute='727.000' exitinminute='733.000' />
				<movement arc='(43,45)' entry='43980.000' exit='44460.000' entryinminute='733.000' exitinminute='741.000' />
				<movement arc='(45,47)' entry='44460.000' exit='44520.000' entryinminute='741.000' exitinminute='742.000' />
				<movement arc='(47,49)' entry='44520.000' exit='45180.000' entryinminute='742.000' exitinminute='753.000' />
				<movement arc='(49,51)' entry='45180.000' exit='45480.000' entryinminute='753.000' exitinminute='758.000' />
				<movement arc='(51,53)' entry='45480.000' exit='53940.000' entryinminute='758.000' exitinminute='899.000' />
				<movement arc='(53,55)' entry='53940.000' exit='54240.000' entryinminute='899.000' exitinminute='904.000' />
				<movement arc='(55,56)' entry='54240.000' exit='54600.000' entryinminute='904.000' exitinminute='910.000' />
				<movement arc='(56,58)' entry='54600.000' exit='54660.000' entryinminute='910.000' exitinminute='911.000' />
				<movement arc='(58,60)' entry='54660.000' exit='55140.000' entryinminute='911.000' exitinminute='919.000' />
				<movement arc='(60,62)' entry='55140.000' exit='55620.000' entryinminute='919.000' exitinminute='927.000' />
				<movement arc='(62,64)' entry='55620.000' exit='55680.000' entryinminute='927.000' exitinminute='928.000' />
				<movement arc='(64,66)' entry='55680.000' exit='56160.000' entryinminute='928.000' exitinminute='936.000' />
				<movement arc='(66,68)' entry='56160.000' exit='56640.000' entryinminute='936.000' exitinminute='944.000' />
				<movement arc='(68,69)' entry='56640.000' exit='56940.000' entryinminute='944.000' exitinminute='949.000' />
				<movement arc='(69,70)' entry='56940.000' exit='57720.000' entryinminute='949.000' exitinminute='962.000' />
				<movement arc='(70,71)' entry='57720.000' exit='58500.000' entryinminute='962.000' exitinminute='975.000' />
				<movement arc='(71,72)' entry='58500.000' exit='58560.000' entryinminute='975.000' exitinminute='976.000' />
				<movement arc='(72,74)' entry='58560.000' exit='58920.000' entryinminute='976.000' exitinminute='982.000' />
				<movement arc='(74,76)' entry='58920.000' exit='58980.000' entryinminute='982.000' exitinminute='983.000' />
				<movement arc='(76,77)' entry='58980.000' exit='59640.000' entryinminute='983.000' exitinminute='994.000' />
				<movement arc='(77,78)' entry='59640.000' exit='60300.000' entryinminute='994.000' exitinminute='1005.000' />
				<movement arc='(78,79)' entry='60300.000' exit='60360.000' entryinminute='1005.000' exitinminute='1006.000' />
				<movement arc='(79,81)' entry='60360.000' exit='60720.000' entryinminute='1006.000' exitinminute='1012.000' />
				<movement arc='(81,38)' entry='60720.000' exit='60780.000' entryinminute='1012.000' exitinminute='1013.000' />
				<movement arc='(38,39)' entry='60780.000' exit='61560.000' entryinminute='1013.000' exitinminute='1026.000' />
				<destination entry='1026.000'/>
			</movements>
		</train>
			<movements>
				<movement arc='(0,2)' entry='29760.000' exit='29880.000' entryinminute='496.000' exitinminute='498.000' />
				<movement arc='(2,4)' entry='29880.000' exit='32400.000' entryinminute='498.000' exitinminute='540.000' />
				<movement arc='(4,5)' entry='32400.000' exit='32520.000' entryinminute='540.000' exitinminute='542.000' />
				<movement arc='(5,6)' entry='32520.000' exit='32760.000' entryinminute='542.000' exitinminute='546.000' />
				<movement arc='(6,83)' entry='32760.000' exit='33000.000' entryinminute='546.000' exitinminute='550.000' />
				<movement arc='(83,84)' entry='33000.000' exit='33120.000' entryinminute='550.000' exitinminute='552.000' />
				<movement arc='(84,85)' entry='33120.000' exit='33240.000' entryinminute='552.000' exitinminute='554.000' />
				<movement arc='(85,86)' entry='33240.000' exit='33360.000' entryinminute='554.000' exitinminute='556.000' />
				<movement arc='(86,87)' entry='33360.000' exit='33540.000' entryinminute='556.000' exitinminute='559.000' />
				<movement arc='(87,88)' entry='33540.000' exit='33600.000' entryinminute='559.000' exitinminute='560.000' />
				<movement arc='(88,89)' entry='33600.000' exit='36540.000' entryinminute='560.000' exitinminute='609.000' />
				<movement arc='(89,91)' entry='36540.000' exit='36660.000' entryinminute='609.000' exitinminute='611.000' />
				<movement arc='(91,38)' entry='36660.000' exit='36900.000' entryinminute='611.000' exitinminute='615.000' />
				<movement arc='(38,39)' entry='36900.000' exit='37140.000' entryinminute='615.000' exitinminute='619.000' />
				<destination entry='619.000'/>
			</movements>
		</train>
			<movements>
				<movement arc='(0,2)' entry='33420.000' exit='33600.000' entryinminute='557.000' exitinminute='560.000' />
				<movement arc='(2,4)' entry='33600.000' exit='35520.000' entryinminute='560.000' exitinminute='592.000' />
				<movement arc='(4,5)' entry='35520.000' exit='35700.000' entryinminute='592.000' exitinminute='595.000' />
				<movement arc='(5,6)' entry='35700.000' exit='36240.000' entryinminute='595.000' exitinminute='604.000' />
				<movement arc='(6,83)' entry='36240.000' exit='36780.000' entryinminute='604.000' exitinminute='613.000' />
				<movement arc='(83,84)' entry='36780.000' exit='37020.000' entryinminute='613.000' exitinminute='617.000' />
				<movement arc='(84,85)' entry='37020.000' exit='37200.000' entryinminute='617.000' exitinminute='620.000' />
				<movement arc='(85,86)' entry='37200.000' exit='37440.000' entryinminute='620.000' exitinminute='624.000' />
				<movement arc='(86,87)' entry='37440.000' exit='37800.000' entryinminute='624.000' exitinminute='630.000' />
				<movement arc='(87,90)' entry='37800.000' exit='38160.000' entryinminute='630.000' exitinminute='636.000' />
				<movement arc='(90,91)' entry='38160.000' exit='38280.000' entryinminute='636.000' exitinminute='638.000' />
				<movement arc='(91,38)' entry='38280.000' exit='38820.000' entryinminute='638.000' exitinminute='647.000' />
				<movement arc='(38,39)' entry='38820.000' exit='39360.000' entryinminute='647.000' exitinminute='656.000' />
				<destination entry='656.000'/>
			</movements>
		</train>
			<movements>
				<movement arc='(0,1)' entry='37080.000' exit='37140.000' entryinminute='618.000' exitinminute='619.000' />
				<movement arc='(1,3)' entry='37140.000' exit='37320.000' entryinminute='619.000' exitinminute='622.000' />
				<movement arc='(3,5)' entry='37320.000' exit='37380.000' entryinminute='622.000' exitinminute='623.000' />
				<movement arc='(5,6)' entry='37380.000' exit='37740.000' entryinminute='623.000' exitinminute='629.000' />
				<movement arc='(6,83)' entry='37740.000' exit='38100.000' entryinminute='629.000' exitinminute='635.000' />
				<movement arc='(83,84)' entry='38100.000' exit='38280.000' entryinminute='635.000' exitinminute='638.000' />
				<movement arc='(84,85)' entry='38280.000' exit='38400.000' entryinminute='638.000' exitinminute='640.000' />
				<movement arc='(85,86)' entry='38400.000' exit='38580.000' entryinminute='640.000' exitinminute='643.000' />
				<movement arc='(86,87)' entry='38580.000' exit='38820.000' entryinminute='643.000' exitinminute='647.000' />
				<movement arc='(87,90)' entry='38820.000' exit='39060.000' entryinminute='647.000' exitinminute='651.000' />
				<movement arc='(90,91)' entry='39060.000' exit='39180.000' entryinminute='651.000' exitinminute='653.000' />
				<movement arc='(91,38)' entry='39180.000' exit='39540.000' entryinminute='653.000' exitinminute='659.000' />
				<movement arc='(38,39)' entry='39540.000' exit='39900.000' entryinminute='659.000' exitinminute='665.000' />
				<destination entry='665.000'/>
			</movements>
		</train>
			<movements>
				<movement arc='(20,21)' entry='3900.000' exit='4200.000' entryinminute='65.000' exitinminute='70.000' />
				<movement arc='(21,22)' entry='4200.000' exit='4260.000' entryinminute='70.000' exitinminute='71.000' />
				<movement arc='(22,25)' entry='4260.000' exit='4380.000' entryinminute='71.000' exitinminute='73.000' />
				<movement arc='(25,26)' entry='4380.000' exit='4440.000' entryinminute='73.000' exitinminute='74.000' />
				<movement arc='(26,27)' entry='4440.000' exit='4500.000' entryinminute='74.000' exitinminute='75.000' />
				<movement arc='(27,28)' entry='4500.000' exit='4560.000' entryinminute='75.000' exitinminute='76.000' />
				<movement arc='(28,30)' entry='4560.000' exit='4740.000' entryinminute='76.000' exitinminute='79.000' />
				<movement arc='(30,31)' entry='4740.000' exit='4920.000' entryinminute='79.000' exitinminute='82.000' />
				<movement arc='(31,32)' entry='4920.000' exit='4980.000' entryinminute='82.000' exitinminute='83.000' />
				<movement arc='(32,34)' entry='4980.000' exit='5100.000' entryinminute='83.000' exitinminute='85.000' />
				<movement arc='(34,36)' entry='5100.000' exit='5160.000' entryinminute='85.000' exitinminute='86.000' />
				<movement arc='(36,37)' entry='5160.000' exit='5340.000' entryinminute='86.000' exitinminute='89.000' />
				<movement arc='(37,40)' entry='5340.000' exit='5400.000' entryinminute='89.000' exitinminute='90.000' />
				<movement arc='(40,43)' entry='5400.000' exit='5520.000' entryinminute='90.000' exitinminute='92.000' />
				<movement arc='(43,45)' entry='5520.000' exit='5700.000' entryinminute='92.000' exitinminute='95.000' />
				<movement arc='(45,46)' entry='5700.000' exit='5820.000' entryinminute='95.000' exitinminute='97.000' />
				<movement arc='(46,48)' entry='5820.000' exit='6060.000' entryinminute='97.000' exitinminute='101.000' />
				<movement arc='(48,54)' entry='6060.000' exit='6300.000' entryinminute='101.000' exitinminute='105.000' />
				<movement arc='(54,57)' entry='6300.000' exit='6360.000' entryinminute='105.000' exitinminute='106.000' />
				<movement arc='(57,59)' entry='6360.000' exit='6540.000' entryinminute='106.000' exitinminute='109.000' />
				<movement arc='(59,61)' entry='6540.000' exit='6720.000' entryinminute='109.000' exitinminute='112.000' />
				<movement arc='(61,63)' entry='6720.000' exit='6780.000' entryinminute='112.000' exitinminute='113.000' />
				<movement arc='(63,65)' entry='6780.000' exit='6960.000' entryinminute='113.000' exitinminute='116.000' />
				<movement arc='(65,67)' entry='6960.000' exit='7140.000' entryinminute='116.000' exitinminute='119.000' />
				<movement arc='(67,69)' entry='7140.000' exit='7200.000' entryinminute='119.000' exitinminute='120.000' />
				<movement arc='(69,70)' entry='7200.000' exit='7440.000' entryinminute='120.000' exitinminute='124.000' />
				<movement arc='(70,71)' entry='7440.000' exit='7680.000' entryinminute='124.000' exitinminute='128.000' />
				<movement arc='(71,72)' entry='7680.000' exit='7740.000' entryinminute='128.000' exitinminute='129.000' />
				<movement arc='(72,74)' entry='7740.000' exit='7860.000' entryinminute='129.000' exitinminute='131.000' />
				<movement arc='(74,76)' entry='7860.000' exit='7920.000' entryinminute='131.000' exitinminute='132.000' />
				<movement arc='(76,77)' entry='7920.000' exit='8160.000' entryinminute='132.000' exitinminute='136.000' />
				<movement arc='(77,78)' entry='8160.000' exit='8400.000' entryinminute='136.000' exitinminute='140.000' />
				<movement arc='(78,79)' entry='8400.000' exit='8460.000' entryinminute='140.000' exitinminute='141.000' />
				<movement arc='(79,81)' entry='8460.000' exit='8580.000' entryinminute='141.000' exitinminute='143.000' />
				<movement arc='(81,38)' entry='8580.000' exit='8640.000' entryinminute='143.000' exitinminute='144.000' />
				<movement arc='(38,39)' entry='8640.000' exit='8880.000' entryinminute='144.000' exitinminute='148.000' />
				<destination entry='148.000'/>
			</movements>
		</train>
			<movements>
				<movement arc='(40,43)' entry='1200.000' exit='1320.000' entryinminute='20.000' exitinminute='22.000' />
				<movement arc='(43,45)' entry='1320.000' exit='1500.000' entryinminute='22.000' exitinminute='25.000' />
				<movement arc='(45,47)' entry='1500.000' exit='1560.000' entryinminute='25.000' exitinminute='26.000' />
				<movement arc='(47,49)' entry='1560.000' exit='1800.000' entryinminute='26.000' exitinminute='30.000' />
				<movement arc='(49,50)' entry='1800.000' exit='1860.000' entryinminute='30.000' exitinminute='31.000' />
				<movement arc='(50,52)' entry='1860.000' exit='1980.000' entryinminute='31.000' exitinminute='33.000' />
				<movement arc='(52,55)' entry='1980.000' exit='2040.000' entryinminute='33.000' exitinminute='34.000' />
				<movement arc='(55,56)' entry='2040.000' exit='2160.000' entryinminute='34.000' exitinminute='36.000' />
				<movement arc='(56,57)' entry='2160.000' exit='2280.000' entryinminute='36.000' exitinminute='38.000' />
				<movement arc='(57,59)' entry='2280.000' exit='2460.000' entryinminute='38.000' exitinminute='41.000' />
				<movement arc='(59,61)' entry='2460.000' exit='2640.000' entryinminute='41.000' exitinminute='44.000' />
				<movement arc='(61,63)' entry='2640.000' exit='2700.000' entryinminute='44.000' exitinminute='45.000' />
				<movement arc='(63,65)' entry='2700.000' exit='2880.000' entryinminute='45.000' exitinminute='48.000' />
				<movement arc='(65,67)' entry='2880.000' exit='3060.000' entryinminute='48.000' exitinminute='51.000' />
				<movement arc='(67,69)' entry='3060.000' exit='3120.000' entryinminute='51.000' exitinminute='52.000' />
				<movement arc='(69,70)' entry='3120.000' exit='3420.000' entryinminute='52.000' exitinminute='57.000' />
				<movement arc='(70,71)' entry='3420.000' exit='3720.000' entryinminute='57.000' exitinminute='62.000' />
				<movement arc='(71,72)' entry='3720.000' exit='3780.000' entryinminute='62.000' exitinminute='63.000' />
				<movement arc='(72,74)' entry='3780.000' exit='3900.000' entryinminute='63.000' exitinminute='65.000' />
				<movement arc='(74,76)' entry='3900.000' exit='3960.000' entryinminute='65.000' exitinminute='66.000' />
				<movement arc='(76,77)' entry='3960.000' exit='4200.000' entryinminute='66.000' exitinminute='70.000' />
				<movement arc='(77,78)' entry='4200.000' exit='4440.000' entryinminute='70.000' exitinminute='74.000' />
				<movement arc='(78,79)' entry='4440.000' exit='4500.000' entryinminute='74.000' exitinminute='75.000' />
				<movement arc='(79,81)' entry='4500.000' exit='4620.000' entryinminute='75.000' exitinminute='77.000' />
				<movement arc='(81,38)' entry='4620.000' exit='4680.000' entryinminute='77.000' exitinminute='78.000' />
				<movement arc='(38,39)' entry='4680.000' exit='4980.000' entryinminute='78.000' exitinminute='83.000' />
				<destination entry='83.000'/>
			</movements>
		</train>
			<movements>
				<movement arc='(39,38)' entry='2640.000' exit='3240.000' entryinminute='44.000' exitinminute='54.000' />
				<movement arc='(38,91)' entry='3240.000' exit='3780.000' entryinminute='54.000' exitinminute='63.000' />
				<movement arc='(91,90)' entry='3780.000' exit='3900.000' entryinminute='63.000' exitinminute='65.000' />
				<movement arc='(90,87)' entry='3900.000' exit='4260.000' entryinminute='65.000' exitinminute='71.000' />
				<movement arc='(87,86)' entry='4260.000' exit='4620.000' entryinminute='71.000' exitinminute='77.000' />
				<movement arc='(86,85)' entry='4620.000' exit='4860.000' entryinminute='77.000' exitinminute='81.000' />
				<movement arc='(85,84)' entry='4860.000' exit='5040.000' entryinminute='81.000' exitinminute='84.000' />
				<movement arc='(84,83)' entry='5040.000' exit='5280.000' entryinminute='84.000' exitinminute='88.000' />
				<movement arc='(83,6)' entry='5280.000' exit='5820.000' entryinminute='88.000' exitinminute='97.000' />
				<movement arc='(6,5)' entry='5820.000' exit='6420.000' entryinminute='97.000' exitinminute='107.000' />
				<movement arc='(5,3)' entry='6420.000' exit='6480.000' entryinminute='107.000' exitinminute='108.000' />
				<movement arc='(3,1)' entry='6480.000' exit='6720.000' entryinminute='108.000' exitinminute='112.000' />
				<movement arc='(1,0)' entry='6720.000' exit='6780.000' entryinminute='112.000' exitinminute='113.000' />
				<destination entry='113.000'/>
			</movements>
		</train>
			<movements>
				<movement arc='(39,38)' entry='6960.000' exit='8040.000' entryinminute='116.000' exitinminute='134.000' />
				<movement arc='(38,91)' entry='8040.000' exit='9000.000' entryinminute='134.000' exitinminute='150.000' />
				<movement arc='(91,90)' entry='9000.000' exit='9240.000' entryinminute='150.000' exitinminute='154.000' />
				<movement arc='(90,87)' entry='9240.000' exit='9840.000' entryinminute='154.000' exitinminute='164.000' />
				<movement arc='(87,86)' entry='9840.000' exit='10440.000' entryinminute='164.000' exitinminute='174.000' />
				<movement arc='(86,85)' entry='10440.000' exit='10860.000' entryinminute='174.000' exitinminute='181.000' />
				<movement arc='(85,84)' entry='10860.000' exit='11160.000' entryinminute='181.000' exitinminute='186.000' />
				<movement arc='(84,83)' entry='11160.000' exit='11580.000' entryinminute='186.000' exitinminute='193.000' />
				<movement arc='(83,6)' entry='11580.000' exit='12540.000' entryinminute='193.000' exitinminute='209.000' />
				<movement arc='(6,5)' entry='12540.000' exit='13620.000' entryinminute='209.000' exitinminute='227.000' />
				<movement arc='(5,3)' entry='13620.000' exit='13740.000' entryinminute='227.000' exitinminute='229.000' />
				<movement arc='(3,1)' entry='13740.000' exit='14160.000' entryinminute='229.000' exitinminute='236.000' />
				<movement arc='(1,0)' entry='14160.000' exit='14280.000' entryinminute='236.000' exitinminute='238.000' />
				<destination entry='238.000'/>
			</movements>
		</train>
			<movements>
				<movement arc='(39,38)' entry='18780.000' exit='19080.000' entryinminute='313.000' exitinminute='318.000' />
				<movement arc='(38,91)' entry='19080.000' exit='19320.000' entryinminute='318.000' exitinminute='322.000' />
				<movement arc='(91,90)' entry='19320.000' exit='19380.000' entryinminute='322.000' exitinminute='323.000' />
				<movement arc='(90,87)' entry='19380.000' exit='19560.000' entryinminute='323.000' exitinminute='326.000' />
				<movement arc='(87,86)' entry='19560.000' exit='19740.000' entryinminute='326.000' exitinminute='329.000' />
				<movement arc='(86,85)' entry='19740.000' exit='19860.000' entryinminute='329.000' exitinminute='331.000' />
				<movement arc='(85,84)' entry='19860.000' exit='19980.000' entryinminute='331.000' exitinminute='333.000' />
				<movement arc='(84,83)' entry='19980.000' exit='20100.000' entryinminute='333.000' exitinminute='335.000' />
				<movement arc='(83,6)' entry='20100.000' exit='20340.000' entryinminute='335.000' exitinminute='339.000' />
				<movement arc='(6,5)' entry='20340.000' exit='20640.000' entryinminute='339.000' exitinminute='344.000' />
				<movement arc='(5,3)' entry='20640.000' exit='20700.000' entryinminute='344.000' exitinminute='345.000' />
				<movement arc='(3,1)' entry='20700.000' exit='20820.000' entryinminute='345.000' exitinminute='347.000' />
				<movement arc='(1,0)' entry='20820.000' exit='20880.000' entryinminute='347.000' exitinminute='348.000' />
				<destination entry='348.000'/>
			</movements>
		</train>
			<movements>
				<movement arc='(39,38)' entry='26040.000' exit='26400.000' entryinminute='434.000' exitinminute='440.000' />
				<movement arc='(38,91)' entry='26400.000' exit='26700.000' entryinminute='440.000' exitinminute='445.000' />
				<movement arc='(91,90)' entry='26700.000' exit='26760.000' entryinminute='445.000' exitinminute='446.000' />
				<movement arc='(90,87)' entry='26760.000' exit='26940.000' entryinminute='446.000' exitinminute='449.000' />
				<movement arc='(87,86)' entry='26940.000' exit='27120.000' entryinminute='449.000' exitinminute='452.000' />
				<movement arc='(86,85)' entry='27120.000' exit='27240.000' entryinminute='452.000' exitinminute='454.000' />
				<movement arc='(85,84)' entry='27240.000' exit='27360.000' entryinminute='454.000' exitinminute='456.000' />
				<movement arc='(84,83)' entry='27360.000' exit='27480.000' entryinminute='456.000' exitinminute='458.000' />
				<movement arc='(83,6)' entry='27480.000' exit='27780.000' entryinminute='458.000' exitinminute='463.000' />
				<movement arc='(6,5)' entry='27780.000' exit='28140.000' entryinminute='463.000' exitinminute='469.000' />
				<movement arc='(5,3)' entry='28140.000' exit='28200.000' entryinminute='469.000' exitinminute='470.000' />
				<movement arc='(3,1)' entry='28200.000' exit='28380.000' entryinminute='470.000' exitinminute='473.000' />
				<movement arc='(1,0)' entry='28380.000' exit='28440.000' entryinminute='473.000' exitinminute='474.000' />
				<destination entry='474.000'/>
			</movements>
		</train>
			<movements>
				<movement arc='(39,38)' entry='29700.000' exit='30120.000' entryinminute='495.000' exitinminute='502.000' />
				<movement arc='(38,91)' entry='30120.000' exit='30480.000' entryinminute='502.000' exitinminute='508.000' />
				<movement arc='(91,90)' entry='30480.000' exit='30600.000' entryinminute='508.000' exitinminute='510.000' />
				<movement arc='(90,87)' entry='30600.000' exit='30840.000' entryinminute='510.000' exitinminute='514.000' />
				<movement arc='(87,86)' entry='30840.000' exit='31080.000' entryinminute='514.000' exitinminute='518.000' />
				<movement arc='(86,85)' entry='31080.000' exit='31260.000' entryinminute='518.000' exitinminute='521.000' />
				<movement arc='(85,84)' entry='31260.000' exit='31380.000' entryinminute='521.000' exitinminute='523.000' />
				<movement arc='(84,83)' entry='31380.000' exit='31560.000' entryinminute='523.000' exitinminute='526.000' />
				<movement arc='(83,6)' entry='31560.000' exit='31920.000' entryinminute='526.000' exitinminute='532.000' />
				<movement arc='(6,5)' entry='31920.000' exit='32340.000' entryinminute='532.000' exitinminute='539.000' />
				<movement arc='(5,3)' entry='32340.000' exit='32400.000' entryinminute='539.000' exitinminute='540.000' />
				<movement arc='(3,1)' entry='32400.000' exit='32580.000' entryinminute='540.000' exitinminute='543.000' />
				<movement arc='(1,0)' entry='32580.000' exit='32640.000' entryinminute='543.000' exitinminute='544.000' />
				<destination entry='544.000'/>
			</movements>
		</train>
			<movements>
				<movement arc='(39,38)' entry='33360.000' exit='33660.000' entryinminute='556.000' exitinminute='561.000' />
				<movement arc='(38,91)' entry='33660.000' exit='33900.000' entryinminute='561.000' exitinminute='565.000' />
				<movement arc='(91,90)' entry='33900.000' exit='33960.000' entryinminute='565.000' exitinminute='566.000' />
				<movement arc='(90,87)' entry='33960.000' exit='34140.000' entryinminute='566.000' exitinminute='569.000' />
				<movement arc='(87,86)' entry='34140.000' exit='34320.000' entryinminute='569.000' exitinminute='572.000' />
				<movement arc='(86,85)' entry='34320.000' exit='34440.000' entryinminute='572.000' exitinminute='574.000' />
				<movement arc='(85,84)' entry='34440.000' exit='34560.000' entryinminute='574.000' exitinminute='576.000' />
				<movement arc='(84,83)' entry='34560.000' exit='34680.000' entryinminute='576.000' exitinminute='578.000' />
				<movement arc='(83,6)' entry='34680.000' exit='34920.000' entryinminute='578.000' exitinminute='582.000' />
				<movement arc='(6,5)' entry='34920.000' exit='35220.000' entryinminute='582.000' exitinminute='587.000' />
				<movement arc='(5,3)' entry='35220.000' exit='35280.000' entryinminute='587.000' exitinminute='588.000' />
				<movement arc='(3,1)' entry='35280.000' exit='35400.000' entryinminute='588.000' exitinminute='590.000' />
				<movement arc='(1,0)' entry='35400.000' exit='35460.000' entryinminute='590.000' exitinminute='591.000' />
				<destination entry='591.000'/>
			</movements>
		</train>
			<movements>
				<movement arc='(59,57)' entry='1020.000' exit='1200.000' entryinminute='17.000' exitinminute='20.000' />
				<movement arc='(57,54)' entry='1200.000' exit='1260.000' entryinminute='20.000' exitinminute='21.000' />
				<movement arc='(54,48)' entry='1260.000' exit='1500.000' entryinminute='21.000' exitinminute='25.000' />
				<movement arc='(48,46)' entry='1500.000' exit='1740.000' entryinminute='25.000' exitinminute='29.000' />
				<movement arc='(46,44)' entry='1740.000' exit='1800.000' entryinminute='29.000' exitinminute='30.000' />
				<movement arc='(44,42)' entry='1800.000' exit='1980.000' entryinminute='30.000' exitinminute='33.000' />
				<movement arc='(42,41)' entry='1980.000' exit='2100.000' entryinminute='33.000' exitinminute='35.000' />
				<movement arc='(41,37)' entry='2100.000' exit='2220.000' entryinminute='35.000' exitinminute='37.000' />
				<movement arc='(37,36)' entry='2220.000' exit='2400.000' entryinminute='37.000' exitinminute='40.000' />
				<movement arc='(36,34)' entry='2400.000' exit='2460.000' entryinminute='40.000' exitinminute='41.000' />
				<movement arc='(34,32)' entry='2460.000' exit='2580.000' entryinminute='41.000' exitinminute='43.000' />
				<movement arc='(32,31)' entry='2580.000' exit='2640.000' entryinminute='43.000' exitinminute='44.000' />
				<movement arc='(31,30)' entry='2640.000' exit='2820.000' entryinminute='44.000' exitinminute='47.000' />
				<movement arc='(30,28)' entry='2820.000' exit='3000.000' entryinminute='47.000' exitinminute='50.000' />
				<movement arc='(28,27)' entry='3000.000' exit='3060.000' entryinminute='50.000' exitinminute='51.000' />
				<movement arc='(27,26)' entry='3060.000' exit='3120.000' entryinminute='51.000' exitinminute='52.000' />
				<movement arc='(26,25)' entry='3120.000' exit='3180.000' entryinminute='52.000' exitinminute='53.000' />
				<movement arc='(25,22)' entry='3180.000' exit='3300.000' entryinminute='53.000' exitinminute='55.000' />
				<movement arc='(22,21)' entry='3300.000' exit='3360.000' entryinminute='55.000' exitinminute='56.000' />
				<movement arc='(21,20)' entry='3360.000' exit='3720.000' entryinminute='56.000' exitinminute='62.000' />
				<movement arc='(20,85)' entry='3720.000' exit='3960.000' entryinminute='62.000' exitinminute='66.000' />
				<movement arc='(85,84)' entry='3960.000' exit='4080.000' entryinminute='66.000' exitinminute='68.000' />
				<movement arc='(84,83)' entry='4080.000' exit='4200.000' entryinminute='68.000' exitinminute='70.000' />
				<movement arc='(83,6)' entry='4200.000' exit='4440.000' entryinminute='70.000' exitinminute='74.000' />
				<movement arc='(6,5)' entry='4440.000' exit='4740.000' entryinminute='74.000' exitinminute='79.000' />
				<movement arc='(5,3)' entry='4740.000' exit='4800.000' entryinminute='79.000' exitinminute='80.000' />
				<movement arc='(3,1)' entry='4800.000' exit='4920.000' entryinminute='80.000' exitinminute='82.000' />
				<movement arc='(1,0)' entry='4920.000' exit='4980.000' entryinminute='82.000' exitinminute='83.000' />
				<destination entry='83.000'/>
			</movements>
		</train>
			<movements>
				<movement arc='(33,31)' entry='1080.000' exit='1200.000' entryinminute='18.000' exitinminute='20.000' />
				<movement arc='(31,30)' entry='1200.000' exit='1440.000' entryinminute='20.000' exitinminute='24.000' />
				<movement arc='(30,28)' entry='1440.000' exit='1680.000' entryinminute='24.000' exitinminute='28.000' />
				<movement arc='(28,27)' entry='1680.000' exit='1740.000' entryinminute='28.000' exitinminute='29.000' />
				<movement arc='(27,26)' entry='1740.000' exit='1860.000' entryinminute='29.000' exitinminute='31.000' />
				<movement arc='(26,25)' entry='1860.000' exit='1920.000' entryinminute='31.000' exitinminute='32.000' />
				<movement arc='(25,22)' entry='1920.000' exit='2100.000' entryinminute='32.000' exitinminute='35.000' />
				<movement arc='(22,21)' entry='2100.000' exit='2160.000' entryinminute='35.000' exitinminute='36.000' />
				<movement arc='(21,20)' entry='2160.000' exit='2580.000' entryinminute='36.000' exitinminute='43.000' />
				<movement arc='(20,85)' entry='2580.000' exit='2940.000' entryinminute='43.000' exitinminute='49.000' />
				<movement arc='(85,84)' entry='2940.000' exit='3060.000' entryinminute='49.000' exitinminute='51.000' />
				<movement arc='(84,83)' entry='3060.000' exit='3240.000' entryinminute='51.000' exitinminute='54.000' />
				<movement arc='(83,6)' entry='3240.000' exit='3600.000' entryinminute='54.000' exitinminute='60.000' />
				<movement arc='(6,5)' entry='3600.000' exit='3960.000' entryinminute='60.000' exitinminute='66.000' />
				<movement arc='(5,3)' entry='3960.000' exit='4020.000' entryinminute='66.000' exitinminute='67.000' />
				<movement arc='(3,1)' entry='4020.000' exit='4200.000' entryinminute='67.000' exitinminute='70.000' />
				<movement arc='(1,0)' entry='4200.000' exit='4260.000' entryinminute='70.000' exitinminute='71.000' />
				<destination entry='71.000'/>
			</movements>
		</train>
			<movements>
				<movement arc='(16,14)' entry='1140.000' exit='1260.000' entryinminute='19.000' exitinminute='21.000' />
				<movement arc='(14,13)' entry='1260.000' exit='1560.000' entryinminute='21.000' exitinminute='26.000' />
				<movement arc='(13,12)' entry='1560.000' exit='1860.000' entryinminute='26.000' exitinminute='31.000' />
				<movement arc='(12,10)' entry='1860.000' exit='1920.000' entryinminute='31.000' exitinminute='32.000' />
				<movement arc='(10,8)' entry='1920.000' exit='2040.000' entryinminute='32.000' exitinminute='34.000' />
				<movement arc='(8,7)' entry='2040.000' exit='2100.000' entryinminute='34.000' exitinminute='35.000' />
				<movement arc='(7,6)' entry='2100.000' exit='2340.000' entryinminute='35.000' exitinminute='39.000' />
				<movement arc='(6,5)' entry='2340.000' exit='2640.000' entryinminute='39.000' exitinminute='44.000' />
				<movement arc='(5,3)' entry='2640.000' exit='2700.000' entryinminute='44.000' exitinminute='45.000' />
				<movement arc='(3,1)' entry='2700.000' exit='2820.000' entryinminute='45.000' exitinminute='47.000' />
				<movement arc='(1,0)' entry='2820.000' exit='2880.000' entryinminute='47.000' exitinminute='48.000' />
				<destination entry='48.000'/>
			</movements>
		</train>
			<movements>
				<movement arc='(0,1)' entry='42000.000' exit='42060.000' entryinminute='700.000' exitinminute='701.000' />
				<movement arc='(1,3)' entry='42060.000' exit='42180.000' entryinminute='701.000' exitinminute='703.000' />
				<movement arc='(3,5)' entry='42180.000' exit='42240.000' entryinminute='703.000' exitinminute='704.000' />
				<movement arc='(5,6)' entry='42240.000' exit='42540.000' entryinminute='704.000' exitinminute='709.000' />
				<movement arc='(6,83)' entry='42540.000' exit='42840.000' entryinminute='709.000' exitinminute='714.000' />
				<movement arc='(83,84)' entry='42840.000' exit='42960.000' entryinminute='714.000' exitinminute='716.000' />
				<movement arc='(84,85)' entry='42960.000' exit='43080.000' entryinminute='716.000' exitinminute='718.000' />
				<movement arc='(85,20)' entry='43080.000' exit='43380.000' entryinminute='718.000' exitinminute='723.000' />
				<movement arc='(20,21)' entry='43380.000' exit='43740.000' entryinminute='723.000' exitinminute='729.000' />
				<movement arc='(21,22)' entry='43740.000' exit='43800.000' entryinminute='729.000' exitinminute='730.000' />
				<movement arc='(22,25)' entry='43800.000' exit='43920.000' entryinminute='730.000' exitinminute='732.000' />
				<movement arc='(25,26)' entry='43920.000' exit='43980.000' entryinminute='732.000' exitinminute='733.000' />
				<movement arc='(26,27)' entry='43980.000' exit='44040.000' entryinminute='733.000' exitinminute='734.000' />
				<movement arc='(27,28)' entry='44040.000' exit='44100.000' entryinminute='734.000' exitinminute='735.000' />
				<movement arc='(28,30)' entry='44100.000' exit='44280.000' entryinminute='735.000' exitinminute='738.000' />
				<movement arc='(30,31)' entry='44280.000' exit='44460.000' entryinminute='738.000' exitinminute='741.000' />
				<movement arc='(31,32)' entry='44460.000' exit='44520.000' entryinminute='741.000' exitinminute='742.000' />
				<movement arc='(32,34)' entry='44520.000' exit='44640.000' entryinminute='742.000' exitinminute='744.000' />
				<movement arc='(34,36)' entry='44640.000' exit='44700.000' entryinminute='744.000' exitinminute='745.000' />
				<movement arc='(36,37)' entry='44700.000' exit='44880.000' entryinminute='745.000' exitinminute='748.000' />
				<movement arc='(37,40)' entry='44880.000' exit='44940.000' entryinminute='748.000' exitinminute='749.000' />
				<movement arc='(40,43)' entry='44940.000' exit='45060.000' entryinminute='749.000' exitinminute='751.000' />
				<movement arc='(43,45)' entry='45060.000' exit='45240.000' entryinminute='751.000' exitinminute='754.000' />
				<movement arc='(45,46)' entry='45240.000' exit='45360.000' entryinminute='754.000' exitinminute='756.000' />
				<movement arc='(46,48)' entry='45360.000' exit='45600.000' entryinminute='756.000' exitinminute='760.000' />
				<movement arc='(48,54)' entry='45600.000' exit='45840.000' entryinminute='760.000' exitinminute='764.000' />
				<movement arc='(54,57)' entry='45840.000' exit='45900.000' entryinminute='764.000' exitinminute='765.000' />
				<movement arc='(57,59)' entry='45900.000' exit='46080.000' entryinminute='765.000' exitinminute='768.000' />
				<movement arc='(59,61)' entry='46080.000' exit='46260.000' entryinminute='768.000' exitinminute='771.000' />
				<movement arc='(61,63)' entry='46260.000' exit='46320.000' entryinminute='771.000' exitinminute='772.000' />
				<movement arc='(63,65)' entry='46320.000' exit='46500.000' entryinminute='772.000' exitinminute='775.000' />
				<movement arc='(65,67)' entry='46500.000' exit='46680.000' entryinminute='775.000' exitinminute='778.000' />
				<movement arc='(67,69)' entry='46680.000' exit='46740.000' entryinminute='778.000' exitinminute='779.000' />
				<movement arc='(69,70)' entry='46740.000' exit='47040.000' entryinminute='779.000' exitinminute='784.000' />
				<movement arc='(70,71)' entry='47040.000' exit='47340.000' entryinminute='784.000' exitinminute='789.000' />
				<movement arc='(71,72)' entry='47340.000' exit='47400.000' entryinminute='789.000' exitinminute='790.000' />
				<movement arc='(72,74)' entry='47400.000' exit='47520.000' entryinminute='790.000' exitinminute='792.000' />
				<movement arc='(74,76)' entry='47520.000' exit='47580.000' entryinminute='792.000' exitinminute='793.000' />
				<movement arc='(76,77)' entry='47580.000' exit='47820.000' entryinminute='793.000' exitinminute='797.000' />
				<movement arc='(77,78)' entry='47820.000' exit='48060.000' entryinminute='797.000' exitinminute='801.000' />
				<movement arc='(78,80)' entry='48060.000' exit='48180.000' entryinminute='801.000' exitinminute='803.000' />
				<movement arc='(80,82)' entry='48180.000' exit='49740.000' entryinminute='803.000' exitinminute='829.000' />
				<movement arc='(82,38)' entry='49740.000' exit='49860.000' entryinminute='829.000' exitinminute='831.000' />
				<movement arc='(38,39)' entry='49860.000' exit='50160.000' entryinminute='831.000' exitinminute='836.000' />
				<destination entry='836.000'/>
			</movements>
		</train>
			<movements>
				<movement arc='(0,1)' entry='42600.000' exit='42660.000' entryinminute='710.000' exitinminute='711.000' />
				<movement arc='(1,3)' entry='42660.000' exit='42840.000' entryinminute='711.000' exitinminute='714.000' />
				<movement arc='(3,5)' entry='42840.000' exit='42900.000' entryinminute='714.000' exitinminute='715.000' />
				<movement arc='(5,6)' entry='42900.000' exit='43260.000' entryinminute='715.000' exitinminute='721.000' />
				<movement arc='(6,83)' entry='43260.000' exit='43620.000' entryinminute='721.000' exitinminute='727.000' />
				<movement arc='(83,84)' entry='43620.000' exit='43800.000' entryinminute='727.000' exitinminute='730.000' />
				<movement arc='(84,85)' entry='43800.000' exit='43920.000' entryinminute='730.000' exitinminute='732.000' />
				<movement arc='(85,20)' entry='43920.000' exit='44280.000' entryinminute='732.000' exitinminute='738.000' />
				<movement arc='(20,21)' entry='44280.000' exit='44700.000' entryinminute='738.000' exitinminute='745.000' />
				<movement arc='(21,22)' entry='44700.000' exit='44760.000' entryinminute='745.000' exitinminute='746.000' />
				<movement arc='(22,25)' entry='44760.000' exit='44940.000' entryinminute='746.000' exitinminute='749.000' />
				<movement arc='(25,26)' entry='44940.000' exit='45000.000' entryinminute='749.000' exitinminute='750.000' />
				<movement arc='(26,27)' entry='45000.000' exit='45120.000' entryinminute='750.000' exitinminute='752.000' />
				<movement arc='(27,28)' entry='45120.000' exit='45180.000' entryinminute='752.000' exitinminute='753.000' />
				<movement arc='(28,30)' entry='45180.000' exit='45420.000' entryinminute='753.000' exitinminute='757.000' />
				<movement arc='(30,31)' entry='45420.000' exit='45660.000' entryinminute='757.000' exitinminute='761.000' />
				<movement arc='(31,32)' entry='45660.000' exit='45720.000' entryinminute='761.000' exitinminute='762.000' />
				<movement arc='(32,34)' entry='45720.000' exit='45900.000' entryinminute='762.000' exitinminute='765.000' />
				<movement arc='(34,36)' entry='45900.000' exit='45960.000' entryinminute='765.000' exitinminute='766.000' />
				<movement arc='(36,37)' entry='45960.000' exit='46200.000' entryinminute='766.000' exitinminute='770.000' />
				<movement arc='(37,40)' entry='46200.000' exit='46260.000' entryinminute='770.000' exitinminute='771.000' />
				<movement arc='(40,43)' entry='46260.000' exit='46440.000' entryinminute='771.000' exitinminute='774.000' />
				<movement arc='(43,45)' entry='46440.000' exit='46680.000' entryinminute='774.000' exitinminute='778.000' />
				<movement arc='(45,46)' entry='46680.000' exit='46800.000' entryinminute='778.000' exitinminute='780.000' />
				<movement arc='(46,48)' entry='46800.000' exit='47100.000' entryinminute='780.000' exitinminute='785.000' />
				<movement arc='(48,54)' entry='47100.000' exit='47400.000' entryinminute='785.000' exitinminute='790.000' />
				<movement arc='(54,57)' entry='47400.000' exit='47460.000' entryinminute='790.000' exitinminute='791.000' />
				<movement arc='(57,59)' entry='47460.000' exit='47700.000' entryinminute='791.000' exitinminute='795.000' />
				<movement arc='(59,61)' entry='47700.000' exit='47940.000' entryinminute='795.000' exitinminute='799.000' />
				<movement arc='(61,63)' entry='47940.000' exit='48000.000' entryinminute='799.000' exitinminute='800.000' />
				<movement arc='(63,65)' entry='48000.000' exit='48240.000' entryinminute='800.000' exitinminute='804.000' />
				<movement arc='(65,67)' entry='48240.000' exit='48480.000' entryinminute='804.000' exitinminute='808.000' />
				<movement arc='(67,69)' entry='48480.000' exit='48540.000' entryinminute='808.000' exitinminute='809.000' />
				<movement arc='(69,70)' entry='48540.000' exit='48900.000' entryinminute='809.000' exitinminute='815.000' />
				<movement arc='(70,71)' entry='48900.000' exit='49260.000' entryinminute='815.000' exitinminute='821.000' />
				<movement arc='(71,72)' entry='49260.000' exit='49320.000' entryinminute='821.000' exitinminute='822.000' />
				<movement arc='(72,74)' entry='49320.000' exit='49500.000' entryinminute='822.000' exitinminute='825.000' />
				<movement arc='(74,76)' entry='49500.000' exit='49560.000' entryinminute='825.000' exitinminute='826.000' />
				<movement arc='(76,77)' entry='49560.000' exit='49860.000' entryinminute='826.000' exitinminute='831.000' />
				<movement arc='(77,78)' entry='49860.000' exit='50160.000' entryinminute='831.000' exitinminute='836.000' />
				<movement arc='(78,79)' entry='50160.000' exit='50220.000' entryinminute='836.000' exitinminute='837.000' />
				<movement arc='(79,81)' entry='50220.000' exit='50400.000' entryinminute='837.000' exitinminute='840.000' />
				<movement arc='(81,38)' entry='50400.000' exit='50460.000' entryinminute='840.000' exitinminute='841.000' />
				<movement arc='(38,39)' entry='50460.000' exit='50820.000' entryinminute='841.000' exitinminute='847.000' />
				<destination entry='847.000'/>
			</movements>
		</train>
			<movements>
				<movement arc='(0,1)' entry='43200.000' exit='43260.000' entryinminute='720.000' exitinminute='721.000' />
				<movement arc='(1,3)' entry='43260.000' exit='43440.000' entryinminute='721.000' exitinminute='724.000' />
				<movement arc='(3,5)' entry='43440.000' exit='43500.000' entryinminute='724.000' exitinminute='725.000' />
				<movement arc='(5,6)' entry='43500.000' exit='43860.000' entryinminute='725.000' exitinminute='731.000' />
				<movement arc='(6,7)' entry='43860.000' exit='44160.000' entryinminute='731.000' exitinminute='736.000' />
				<movement arc='(7,8)' entry='44160.000' exit='44220.000' entryinminute='736.000' exitinminute='737.000' />
				<movement arc='(8,10)' entry='44220.000' exit='44400.000' entryinminute='737.000' exitinminute='740.000' />
				<movement arc='(10,12)' entry='44400.000' exit='44460.000' entryinminute='740.000' exitinminute='741.000' />
				<movement arc='(12,13)' entry='44460.000' exit='44820.000' entryinminute='741.000' exitinminute='747.000' />
				<movement arc='(13,14)' entry='44820.000' exit='45180.000' entryinminute='747.000' exitinminute='753.000' />
				<movement arc='(14,16)' entry='45180.000' exit='45300.000' entryinminute='753.000' exitinminute='755.000' />
				<movement arc='(16,18)' entry='45300.000' exit='46380.000' entryinminute='755.000' exitinminute='773.000' />
				<movement arc='(18,19)' entry='46380.000' exit='46500.000' entryinminute='773.000' exitinminute='775.000' />
				<movement arc='(19,20)' entry='46500.000' exit='46860.000' entryinminute='775.000' exitinminute='781.000' />
				<movement arc='(20,21)' entry='46860.000' exit='47280.000' entryinminute='781.000' exitinminute='788.000' />
				<movement arc='(21,22)' entry='47280.000' exit='47340.000' entryinminute='788.000' exitinminute='789.000' />
				<movement arc='(22,25)' entry='47340.000' exit='47520.000' entryinminute='789.000' exitinminute='792.000' />
				<movement arc='(25,26)' entry='47520.000' exit='47580.000' entryinminute='792.000' exitinminute='793.000' />
				<movement arc='(26,27)' entry='47580.000' exit='47700.000' entryinminute='793.000' exitinminute='795.000' />
				<movement arc='(27,28)' entry='47700.000' exit='47760.000' entryinminute='795.000' exitinminute='796.000' />
				<movement arc='(28,30)' entry='47760.000' exit='48000.000' entryinminute='796.000' exitinminute='800.000' />
				<movement arc='(30,31)' entry='48000.000' exit='48240.000' entryinminute='800.000' exitinminute='804.000' />
				<movement arc='(31,32)' entry='48240.000' exit='48300.000' entryinminute='804.000' exitinminute='805.000' />
				<movement arc='(32,34)' entry='48300.000' exit='48480.000' entryinminute='805.000' exitinminute='808.000' />
				<movement arc='(34,36)' entry='48480.000' exit='48540.000' entryinminute='808.000' exitinminute='809.000' />
				<movement arc='(36,37)' entry='48540.000' exit='48780.000' entryinminute='809.000' exitinminute='813.000' />
				<movement arc='(37,40)' entry='48780.000' exit='48840.000' entryinminute='813.000' exitinminute='814.000' />
				<movement arc='(40,43)' entry='48840.000' exit='49020.000' entryinminute='814.000' exitinminute='817.000' />
				<movement arc='(43,45)' entry='49020.000' exit='49260.000' entryinminute='817.000' exitinminute='821.000' />
				<movement arc='(45,46)' entry='49260.000' exit='49380.000' entryinminute='821.000' exitinminute='823.000' />
				<movement arc='(46,48)' entry='49380.000' exit='49680.000' entryinminute='823.000' exitinminute='828.000' />
				<movement arc='(48,54)' entry='49680.000' exit='49980.000' entryinminute='828.000' exitinminute='833.000' />
				<movement arc='(54,57)' entry='49980.000' exit='50040.000' entryinminute='833.000' exitinminute='834.000' />
				<movement arc='(57,59)' entry='50040.000' exit='50280.000' entryinminute='834.000' exitinminute='838.000' />
				<movement arc='(59,61)' entry='50280.000' exit='50520.000' entryinminute='838.000' exitinminute='842.000' />
				<movement arc='(61,63)' entry='50520.000' exit='50580.000' entryinminute='842.000' exitinminute='843.000' />
				<movement arc='(63,65)' entry='50580.000' exit='50820.000' entryinminute='843.000' exitinminute='847.000' />
				<movement arc='(65,67)' entry='50820.000' exit='51060.000' entryinminute='847.000' exitinminute='851.000' />
				<movement arc='(67,69)' entry='51060.000' exit='51120.000' entryinminute='851.000' exitinminute='852.000' />
				<movement arc='(69,70)' entry='51120.000' exit='51480.000' entryinminute='852.000' exitinminute='858.000' />
				<movement arc='(70,71)' entry='51480.000' exit='51840.000' entryinminute='858.000' exitinminute='864.000' />
				<movement arc='(71,72)' entry='51840.000' exit='51900.000' entryinminute='864.000' exitinminute='865.000' />
				<movement arc='(72,74)' entry='51900.000' exit='52080.000' entryinminute='865.000' exitinminute='868.000' />
				<movement arc='(74,76)' entry='52080.000' exit='52140.000' entryinminute='868.000' exitinminute='869.000' />
				<movement arc='(76,77)' entry='52140.000' exit='52440.000' entryinminute='869.000' exitinminute='874.000' />
				<movement arc='(77,78)' entry='52440.000' exit='52740.000' entryinminute='874.000' exitinminute='879.000' />
				<movement arc='(78,79)' entry='52740.000' exit='52800.000' entryinminute='879.000' exitinminute='880.000' />
				<movement arc='(79,81)' entry='52800.000' exit='52980.000' entryinminute='880.000' exitinminute='883.000' />
				<movement arc='(81,38)' entry='52980.000' exit='53040.000' entryinminute='883.000' exitinminute='884.000' />
				<movement arc='(38,39)' entry='53040.000' exit='53400.000' entryinminute='884.000' exitinminute='890.000' />
				<destination entry='890.000'/>
			</movements>
		</train>
			<movements>
				<movement arc='(0,1)' entry='52320.000' exit='52380.000' entryinminute='872.000' exitinminute='873.000' />
				<movement arc='(1,3)' entry='52380.000' exit='52620.000' entryinminute='873.000' exitinminute='877.000' />
				<movement arc='(3,5)' entry='52620.000' exit='52680.000' entryinminute='877.000' exitinminute='878.000' />
				<movement arc='(5,6)' entry='52680.000' exit='53160.000' entryinminute='878.000' exitinminute='886.000' />
				<movement arc='(6,7)' entry='53160.000' exit='53580.000' entryinminute='886.000' exitinminute='893.000' />
				<movement arc='(7,8)' entry='53580.000' exit='53640.000' entryinminute='893.000' exitinminute='894.000' />
				<movement arc='(8,10)' entry='53640.000' exit='53880.000' entryinminute='894.000' exitinminute='898.000' />
				<movement arc='(10,12)' entry='53880.000' exit='53940.000' entryinminute='898.000' exitinminute='899.000' />
				<movement arc='(12,13)' entry='53940.000' exit='54420.000' entryinminute='899.000' exitinminute='907.000' />
				<movement arc='(13,14)' entry='54420.000' exit='54900.000' entryinminute='907.000' exitinminute='915.000' />
				<movement arc='(14,15)' entry='54900.000' exit='54960.000' entryinminute='915.000' exitinminute='916.000' />
				<movement arc='(15,17)' entry='54960.000' exit='55200.000' entryinminute='916.000' exitinminute='920.000' />
				<movement arc='(17,19)' entry='55200.000' exit='55260.000' entryinminute='920.000' exitinminute='921.000' />
				<movement arc='(19,20)' entry='55260.000' exit='55740.000' entryinminute='921.000' exitinminute='929.000' />
				<movement arc='(20,21)' entry='55740.000' exit='56340.000' entryinminute='929.000' exitinminute='939.000' />
				<movement arc='(21,22)' entry='56340.000' exit='56400.000' entryinminute='939.000' exitinminute='940.000' />
				<movement arc='(22,25)' entry='56400.000' exit='56640.000' entryinminute='940.000' exitinminute='944.000' />
				<movement arc='(25,26)' entry='56640.000' exit='56700.000' entryinminute='944.000' exitinminute='945.000' />
				<movement arc='(26,27)' entry='56700.000' exit='56820.000' entryinminute='945.000' exitinminute='947.000' />
				<movement arc='(27,28)' entry='56820.000' exit='56880.000' entryinminute='947.000' exitinminute='948.000' />
				<movement arc='(28,30)' entry='56880.000' exit='57180.000' entryinminute='948.000' exitinminute='953.000' />
				<movement arc='(30,31)' entry='57180.000' exit='57480.000' entryinminute='953.000' exitinminute='958.000' />
				<movement arc='(31,32)' entry='57480.000' exit='57540.000' entryinminute='958.000' exitinminute='959.000' />
				<movement arc='(32,34)' entry='57540.000' exit='57780.000' entryinminute='959.000' exitinminute='963.000' />
				<movement arc='(34,36)' entry='57780.000' exit='57840.000' entryinminute='963.000' exitinminute='964.000' />
				<movement arc='(36,37)' entry='57840.000' exit='58140.000' entryinminute='964.000' exitinminute='969.000' />
				<movement arc='(37,40)' entry='58140.000' exit='58200.000' entryinminute='969.000' exitinminute='970.000' />
				<movement arc='(40,43)' entry='58200.000' exit='58440.000' entryinminute='970.000' exitinminute='974.000' />
				<movement arc='(43,45)' entry='58440.000' exit='58740.000' entryinminute='974.000' exitinminute='979.000' />
				<movement arc='(45,46)' entry='58740.000' exit='58920.000' entryinminute='979.000' exitinminute='982.000' />
				<movement arc='(46,48)' entry='58920.000' exit='59340.000' entryinminute='982.000' exitinminute='989.000' />
				<movement arc='(48,54)' entry='59340.000' exit='59760.000' entryinminute='989.000' exitinminute='996.000' />
				<movement arc='(54,57)' entry='59760.000' exit='59820.000' entryinminute='996.000' exitinminute='997.000' />
				<movement arc='(57,59)' entry='59820.000' exit='60120.000' entryinminute='997.000' exitinminute='1002.000' />
				<movement arc='(59,61)' entry='60120.000' exit='60420.000' entryinminute='1002.000' exitinminute='1007.000' />
				<movement arc='(61,63)' entry='60420.000' exit='60480.000' entryinminute='1007.000' exitinminute='1008.000' />
				<movement arc='(63,65)' entry='60480.000' exit='60780.000' entryinminute='1008.000' exitinminute='1013.000' />
				<movement arc='(65,67)' entry='60780.000' exit='61080.000' entryinminute='1013.000' exitinminute='1018.000' />
				<movement arc='(67,69)' entry='61080.000' exit='61140.000' entryinminute='1018.000' exitinminute='1019.000' />
				<movement arc='(69,70)' entry='61140.000' exit='61620.000' entryinminute='1019.000' exitinminute='1027.000' />
				<movement arc='(70,71)' entry='61620.000' exit='62100.000' entryinminute='1027.000' exitinminute='1035.000' />
				<movement arc='(71,72)' entry='62100.000' exit='62160.000' entryinminute='1035.000' exitinminute='1036.000' />
				<movement arc='(72,74)' entry='62160.000' exit='62400.000' entryinminute='1036.000' exitinminute='1040.000' />
				<movement arc='(74,76)' entry='62400.000' exit='62460.000' entryinminute='1040.000' exitinminute='1041.000' />
				<movement arc='(76,77)' entry='62460.000' exit='62880.000' entryinminute='1041.000' exitinminute='1048.000' />
				<movement arc='(77,78)' entry='62880.000' exit='63300.000' entryinminute='1048.000' exitinminute='1055.000' />
				<movement arc='(78,79)' entry='63300.000' exit='63360.000' entryinminute='1055.000' exitinminute='1056.000' />
				<movement arc='(79,81)' entry='63360.000' exit='63600.000' entryinminute='1056.000' exitinminute='1060.000' />
				<movement arc='(81,38)' entry='63600.000' exit='63660.000' entryinminute='1060.000' exitinminute='1061.000' />
				<movement arc='(38,39)' entry='63660.000' exit='64140.000' entryinminute='1061.000' exitinminute='1069.000' />
				<destination entry='1069.000'/>
			</movements>
		</train>
			<movements>
				<movement arc='(0,1)' entry='60240.000' exit='60300.000' entryinminute='1004.000' exitinminute='1005.000' />
				<movement arc='(1,3)' entry='60300.000' exit='60480.000' entryinminute='1005.000' exitinminute='1008.000' />
				<movement arc='(3,5)' entry='60480.000' exit='60540.000' entryinminute='1008.000' exitinminute='1009.000' />
				<movement arc='(5,6)' entry='60540.000' exit='60960.000' entryinminute='1009.000' exitinminute='1016.000' />
				<movement arc='(6,83)' entry='60960.000' exit='61380.000' entryinminute='1016.000' exitinminute='1023.000' />
				<movement arc='(83,84)' entry='61380.000' exit='61560.000' entryinminute='1023.000' exitinminute='1026.000' />
				<movement arc='(84,85)' entry='61560.000' exit='61740.000' entryinminute='1026.000' exitinminute='1029.000' />
				<movement arc='(85,86)' entry='61740.000' exit='61920.000' entryinminute='1029.000' exitinminute='1032.000' />
				<movement arc='(86,87)' entry='61920.000' exit='62220.000' entryinminute='1032.000' exitinminute='1037.000' />
				<movement arc='(87,90)' entry='62220.000' exit='62520.000' entryinminute='1037.000' exitinminute='1042.000' />
				<movement arc='(90,91)' entry='62520.000' exit='62640.000' entryinminute='1042.000' exitinminute='1044.000' />
				<movement arc='(91,38)' entry='62640.000' exit='63060.000' entryinminute='1044.000' exitinminute='1051.000' />
				<movement arc='(38,39)' entry='63060.000' exit='63480.000' entryinminute='1051.000' exitinminute='1058.000' />
				<destination entry='1058.000'/>
			</movements>
		</train>
			<movements>
				<movement arc='(0,1)' entry='57180.000' exit='57240.000' entryinminute='953.000' exitinminute='954.000' />
				<movement arc='(1,3)' entry='57240.000' exit='57600.000' entryinminute='954.000' exitinminute='960.000' />
				<movement arc='(3,5)' entry='57600.000' exit='57660.000' entryinminute='960.000' exitinminute='961.000' />
				<movement arc='(5,6)' entry='57660.000' exit='58440.000' entryinminute='961.000' exitinminute='974.000' />
				<movement arc='(6,83)' entry='58440.000' exit='59220.000' entryinminute='974.000' exitinminute='987.000' />
				<movement arc='(83,84)' entry='59220.000' exit='59580.000' entryinminute='987.000' exitinminute='993.000' />
				<movement arc='(84,85)' entry='59580.000' exit='59820.000' entryinminute='993.000' exitinminute='997.000' />
				<movement arc='(85,86)' entry='59820.000' exit='60180.000' entryinminute='997.000' exitinminute='1003.000' />
				<movement arc='(86,87)' entry='60180.000' exit='60660.000' entryinminute='1003.000' exitinminute='1011.000' />
				<movement arc='(87,90)' entry='60660.000' exit='61140.000' entryinminute='1011.000' exitinminute='1019.000' />
				<movement arc='(90,91)' entry='61140.000' exit='61320.000' entryinminute='1019.000' exitinminute='1022.000' />
				<movement arc='(91,38)' entry='61320.000' exit='62100.000' entryinminute='1022.000' exitinminute='1035.000' />
				<movement arc='(38,39)' entry='62100.000' exit='62880.000' entryinminute='1035.000' exitinminute='1048.000' />
				<destination entry='1048.000'/>
			</movements>
		</train>
			<movements>
				<movement arc='(0,1)' entry='51120.000' exit='51180.000' entryinminute='852.000' exitinminute='853.000' />
				<movement arc='(1,3)' entry='51180.000' exit='51300.000' entryinminute='853.000' exitinminute='855.000' />
				<movement arc='(3,5)' entry='51300.000' exit='51360.000' entryinminute='855.000' exitinminute='856.000' />
				<movement arc='(5,6)' entry='51360.000' exit='51600.000' entryinminute='856.000' exitinminute='860.000' />
				<movement arc='(6,83)' entry='51600.000' exit='51840.000' entryinminute='860.000' exitinminute='864.000' />
				<movement arc='(83,84)' entry='51840.000' exit='51960.000' entryinminute='864.000' exitinminute='866.000' />
				<movement arc='(84,85)' entry='51960.000' exit='52080.000' entryinminute='866.000' exitinminute='868.000' />
				<movement arc='(85,20)' entry='52080.000' exit='52320.000' entryinminute='868.000' exitinminute='872.000' />
				<movement arc='(20,21)' entry='52320.000' exit='52620.000' entryinminute='872.000' exitinminute='877.000' />
				<movement arc='(21,22)' entry='52620.000' exit='52680.000' entryinminute='877.000' exitinminute='878.000' />
				<movement arc='(22,25)' entry='52680.000' exit='52800.000' entryinminute='878.000' exitinminute='880.000' />
				<movement arc='(25,26)' entry='52800.000' exit='52860.000' entryinminute='880.000' exitinminute='881.000' />
				<movement arc='(26,27)' entry='52860.000' exit='52920.000' entryinminute='881.000' exitinminute='882.000' />
				<movement arc='(27,28)' entry='52920.000' exit='52980.000' entryinminute='882.000' exitinminute='883.000' />
				<movement arc='(28,30)' entry='52980.000' exit='53160.000' entryinminute='883.000' exitinminute='886.000' />
				<movement arc='(30,31)' entry='53160.000' exit='53340.000' entryinminute='886.000' exitinminute='889.000' />
				<movement arc='(31,32)' entry='53340.000' exit='53400.000' entryinminute='889.000' exitinminute='890.000' />
				<movement arc='(32,34)' entry='53400.000' exit='53520.000' entryinminute='890.000' exitinminute='892.000' />
				<movement arc='(34,36)' entry='53520.000' exit='53580.000' entryinminute='892.000' exitinminute='893.000' />
				<movement arc='(36,37)' entry='53580.000' exit='53760.000' entryinminute='893.000' exitinminute='896.000' />
				<movement arc='(37,40)' entry='53760.000' exit='53820.000' entryinminute='896.000' exitinminute='897.000' />
				<movement arc='(40,43)' entry='53820.000' exit='53940.000' entryinminute='897.000' exitinminute='899.000' />
				<movement arc='(43,45)' entry='53940.000' exit='54120.000' entryinminute='899.000' exitinminute='902.000' />
				<movement arc='(45,46)' entry='54120.000' exit='54240.000' entryinminute='902.000' exitinminute='904.000' />
				<movement arc='(46,48)' entry='54240.000' exit='54480.000' entryinminute='904.000' exitinminute='908.000' />
				<movement arc='(48,54)' entry='54480.000' exit='54720.000' entryinminute='908.000' exitinminute='912.000' />
				<movement arc='(54,57)' entry='54720.000' exit='54780.000' entryinminute='912.000' exitinminute='913.000' />
				<movement arc='(57,59)' entry='54780.000' exit='54960.000' entryinminute='913.000' exitinminute='916.000' />
				<movement arc='(59,61)' entry='54960.000' exit='55140.000' entryinminute='916.000' exitinminute='919.000' />
				<movement arc='(61,63)' entry='55140.000' exit='55200.000' entryinminute='919.000' exitinminute='920.000' />
				<movement arc='(63,65)' entry='55200.000' exit='55380.000' entryinminute='920.000' exitinminute='923.000' />
				<movement arc='(65,67)' entry='55380.000' exit='55560.000' entryinminute='923.000' exitinminute='926.000' />
				<movement arc='(67,69)' entry='55560.000' exit='55620.000' entryinminute='926.000' exitinminute='927.000' />
				<movement arc='(69,70)' entry='55620.000' exit='55860.000' entryinminute='927.000' exitinminute='931.000' />
				<movement arc='(70,71)' entry='55860.000' exit='56100.000' entryinminute='931.000' exitinminute='935.000' />
				<movement arc='(71,72)' entry='56100.000' exit='56160.000' entryinminute='935.000' exitinminute='936.000' />
				<movement arc='(72,74)' entry='56160.000' exit='56280.000' entryinminute='936.000' exitinminute='938.000' />
				<movement arc='(74,76)' entry='56280.000' exit='56340.000' entryinminute='938.000' exitinminute='939.000' />
				<movement arc='(76,77)' entry='56340.000' exit='56580.000' entryinminute='939.000' exitinminute='943.000' />
				<movement arc='(77,78)' entry='56580.000' exit='56820.000' entryinminute='943.000' exitinminute='947.000' />
				<movement arc='(78,79)' entry='56820.000' exit='56880.000' entryinminute='947.000' exitinminute='948.000' />
				<movement arc='(79,81)' entry='56880.000' exit='57000.000' entryinminute='948.000' exitinminute='950.000' />
				<movement arc='(81,38)' entry='57000.000' exit='57060.000' entryinminute='950.000' exitinminute='951.000' />
				<movement arc='(38,39)' entry='57060.000' exit='57300.000' entryinminute='951.000' exitinminute='955.000' />
				<destination entry='955.000'/>
			</movements>
		</train>
			<movements>
				<movement arc='(0,1)' entry='56580.000' exit='56640.000' entryinminute='943.000' exitinminute='944.000' />
				<movement arc='(1,3)' entry='56640.000' exit='56880.000' entryinminute='944.000' exitinminute='948.000' />
				<movement arc='(3,5)' entry='56880.000' exit='56940.000' entryinminute='948.000' exitinminute='949.000' />
				<movement arc='(5,6)' entry='56940.000' exit='57480.000' entryinminute='949.000' exitinminute='958.000' />
				<movement arc='(6,83)' entry='57480.000' exit='58020.000' entryinminute='958.000' exitinminute='967.000' />
				<movement arc='(83,84)' entry='58020.000' exit='58260.000' entryinminute='967.000' exitinminute='971.000' />
				<movement arc='(84,85)' entry='58260.000' exit='58440.000' entryinminute='971.000' exitinminute='974.000' />
				<movement arc='(85,86)' entry='58440.000' exit='58680.000' entryinminute='974.000' exitinminute='978.000' />
				<movement arc='(86,87)' entry='58680.000' exit='59040.000' entryinminute='978.000' exitinminute='984.000' />
				<movement arc='(87,90)' entry='59040.000' exit='59400.000' entryinminute='984.000' exitinminute='990.000' />
				<movement arc='(90,91)' entry='59400.000' exit='59520.000' entryinminute='990.000' exitinminute='992.000' />
				<movement arc='(91,38)' entry='59520.000' exit='60060.000' entryinminute='992.000' exitinminute='1001.000' />
				<movement arc='(38,39)' entry='60060.000' exit='60600.000' entryinminute='1001.000' exitinminute='1010.000' />
				<destination entry='1010.000'/>
			</movements>
		</train>
			<movements>
				<movement arc='(0,2)' entry='48180.000' exit='48300.000' entryinminute='803.000' exitinminute='805.000' />
				<movement arc='(2,4)' entry='48300.000' exit='56100.000' entryinminute='805.000' exitinminute='935.000' />
				<movement arc='(4,5)' entry='56100.000' exit='56220.000' entryinminute='935.000' exitinminute='937.000' />
				<movement arc='(5,6)' entry='56220.000' exit='56580.000' entryinminute='937.000' exitinminute='943.000' />
				<movement arc='(6,83)' entry='56580.000' exit='56940.000' entryinminute='943.000' exitinminute='949.000' />
				<movement arc='(83,84)' entry='56940.000' exit='57120.000' entryinminute='949.000' exitinminute='952.000' />
				<movement arc='(84,85)' entry='57120.000' exit='57240.000' entryinminute='952.000' exitinminute='954.000' />
				<movement arc='(85,86)' entry='57240.000' exit='57420.000' entryinminute='954.000' exitinminute='957.000' />
				<movement arc='(86,87)' entry='57420.000' exit='57660.000' entryinminute='957.000' exitinminute='961.000' />
				<movement arc='(87,90)' entry='57660.000' exit='57900.000' entryinminute='961.000' exitinminute='965.000' />
				<movement arc='(90,91)' entry='57900.000' exit='58020.000' entryinminute='965.000' exitinminute='967.000' />
				<movement arc='(91,38)' entry='58020.000' exit='58380.000' entryinminute='967.000' exitinminute='973.000' />
				<movement arc='(38,39)' entry='58380.000' exit='58740.000' entryinminute='973.000' exitinminute='979.000' />
				<destination entry='979.000'/>
			</movements>
		</train>
			<movements>
				<movement arc='(0,2)' entry='47400.000' exit='47520.000' entryinminute='790.000' exitinminute='792.000' />
				<movement arc='(2,4)' entry='47520.000' exit='47940.000' entryinminute='792.000' exitinminute='799.000' />
				<movement arc='(4,5)' entry='47940.000' exit='48060.000' entryinminute='799.000' exitinminute='801.000' />
				<movement arc='(5,6)' entry='48060.000' exit='48300.000' entryinminute='801.000' exitinminute='805.000' />
				<movement arc='(6,7)' entry='48300.000' exit='48540.000' entryinminute='805.000' exitinminute='809.000' />
				<movement arc='(7,8)' entry='48540.000' exit='48600.000' entryinminute='809.000' exitinminute='810.000' />
				<movement arc='(8,10)' entry='48600.000' exit='48720.000' entryinminute='810.000' exitinminute='812.000' />
				<movement arc='(10,12)' entry='48720.000' exit='48780.000' entryinminute='812.000' exitinminute='813.000' />
				<movement arc='(12,13)' entry='48780.000' exit='49020.000' entryinminute='813.000' exitinminute='817.000' />
				<movement arc='(13,14)' entry='49020.000' exit='49260.000' entryinminute='817.000' exitinminute='821.000' />
				<movement arc='(14,15)' entry='49260.000' exit='49320.000' entryinminute='821.000' exitinminute='822.000' />
				<movement arc='(15,17)' entry='49320.000' exit='49440.000' entryinminute='822.000' exitinminute='824.000' />
				<movement arc='(17,19)' entry='49440.000' exit='49500.000' entryinminute='824.000' exitinminute='825.000' />
				<movement arc='(19,20)' entry='49500.000' exit='49740.000' entryinminute='825.000' exitinminute='829.000' />
				<movement arc='(20,21)' entry='49740.000' exit='50040.000' entryinminute='829.000' exitinminute='834.000' />
				<movement arc='(21,22)' entry='50040.000' exit='50100.000' entryinminute='834.000' exitinminute='835.000' />
				<movement arc='(22,25)' entry='50100.000' exit='50220.000' entryinminute='835.000' exitinminute='837.000' />
				<movement arc='(25,26)' entry='50220.000' exit='50280.000' entryinminute='837.000' exitinminute='838.000' />
				<movement arc='(26,27)' entry='50280.000' exit='50340.000' entryinminute='838.000' exitinminute='839.000' />
				<movement arc='(27,28)' entry='50340.000' exit='50400.000' entryinminute='839.000' exitinminute='840.000' />
				<movement arc='(28,30)' entry='50400.000' exit='50580.000' entryinminute='840.000' exitinminute='843.000' />
				<movement arc='(30,31)' entry='50580.000' exit='50760.000' entryinminute='843.000' exitinminute='846.000' />
				<movement arc='(31,32)' entry='50760.000' exit='50820.000' entryinminute='846.000' exitinminute='847.000' />
				<movement arc='(32,34)' entry='50820.000' exit='50940.000' entryinminute='847.000' exitinminute='849.000' />
				<movement arc='(34,36)' entry='50940.000' exit='51000.000' entryinminute='849.000' exitinminute='850.000' />
				<movement arc='(36,37)' entry='51000.000' exit='51180.000' entryinminute='850.000' exitinminute='853.000' />
				<movement arc='(37,40)' entry='51180.000' exit='51240.000' entryinminute='853.000' exitinminute='854.000' />
				<movement arc='(40,43)' entry='51240.000' exit='51360.000' entryinminute='854.000' exitinminute='856.000' />
				<movement arc='(43,45)' entry='51360.000' exit='51540.000' entryinminute='856.000' exitinminute='859.000' />
				<movement arc='(45,46)' entry='51540.000' exit='51660.000' entryinminute='859.000' exitinminute='861.000' />
				<movement arc='(46,48)' entry='51660.000' exit='51900.000' entryinminute='861.000' exitinminute='865.000' />
				<movement arc='(48,54)' entry='51900.000' exit='52140.000' entryinminute='865.000' exitinminute='869.000' />
				<movement arc='(54,57)' entry='52140.000' exit='52200.000' entryinminute='869.000' exitinminute='870.000' />
				<movement arc='(57,59)' entry='52200.000' exit='52380.000' entryinminute='870.000' exitinminute='873.000' />
				<movement arc='(59,61)' entry='52380.000' exit='52560.000' entryinminute='873.000' exitinminute='876.000' />
				<movement arc='(61,63)' entry='52560.000' exit='52620.000' entryinminute='876.000' exitinminute='877.000' />
				<movement arc='(63,65)' entry='52620.000' exit='52800.000' entryinminute='877.000' exitinminute='880.000' />
				<movement arc='(65,67)' entry='52800.000' exit='52980.000' entryinminute='880.000' exitinminute='883.000' />
				<movement arc='(67,69)' entry='52980.000' exit='53040.000' entryinminute='883.000' exitinminute='884.000' />
				<movement arc='(69,70)' entry='53040.000' exit='53280.000' entryinminute='884.000' exitinminute='888.000' />
				<movement arc='(70,71)' entry='53280.000' exit='53520.000' entryinminute='888.000' exitinminute='892.000' />
				<movement arc='(71,72)' entry='53520.000' exit='53580.000' entryinminute='892.000' exitinminute='893.000' />
				<movement arc='(72,74)' entry='53580.000' exit='53700.000' entryinminute='893.000' exitinminute='895.000' />
				<movement arc='(74,76)' entry='53700.000' exit='53760.000' entryinminute='895.000' exitinminute='896.000' />
				<movement arc='(76,77)' entry='53760.000' exit='54000.000' entryinminute='896.000' exitinminute='900.000' />
				<movement arc='(77,78)' entry='54000.000' exit='54240.000' entryinminute='900.000' exitinminute='904.000' />
				<movement arc='(78,79)' entry='54240.000' exit='54300.000' entryinminute='904.000' exitinminute='905.000' />
				<movement arc='(79,81)' entry='54300.000' exit='54420.000' entryinminute='905.000' exitinminute='907.000' />
				<movement arc='(81,38)' entry='54420.000' exit='54480.000' entryinminute='907.000' exitinminute='908.000' />
				<movement arc='(38,39)' entry='54480.000' exit='54720.000' entryinminute='908.000' exitinminute='912.000' />
				<destination entry='912.000'/>
			</movements>
		</train>
			<movements>
				<movement arc='(39,38)' entry='52260.000' exit='52860.000' entryinminute='871.000' exitinminute='881.000' />
				<movement arc='(38,91)' entry='52860.000' exit='53400.000' entryinminute='881.000' exitinminute='890.000' />
				<movement arc='(91,90)' entry='53400.000' exit='53520.000' entryinminute='890.000' exitinminute='892.000' />
				<movement arc='(90,87)' entry='53520.000' exit='53880.000' entryinminute='892.000' exitinminute='898.000' />
				<movement arc='(87,86)' entry='53880.000' exit='54240.000' entryinminute='898.000' exitinminute='904.000' />
				<movement arc='(86,85)' entry='54240.000' exit='54480.000' entryinminute='904.000' exitinminute='908.000' />
				<movement arc='(85,84)' entry='54480.000' exit='54660.000' entryinminute='908.000' exitinminute='911.000' />
				<movement arc='(84,83)' entry='54660.000' exit='54900.000' entryinminute='911.000' exitinminute='915.000' />
				<movement arc='(83,6)' entry='54900.000' exit='55440.000' entryinminute='915.000' exitinminute='924.000' />
				<movement arc='(6,5)' entry='55440.000' exit='56040.000' entryinminute='924.000' exitinminute='934.000' />
				<movement arc='(5,3)' entry='56040.000' exit='56100.000' entryinminute='934.000' exitinminute='935.000' />
				<movement arc='(3,1)' entry='56100.000' exit='56340.000' entryinminute='935.000' exitinminute='939.000' />
				<movement arc='(1,0)' entry='56340.000' exit='56400.000' entryinminute='939.000' exitinminute='940.000' />
				<destination entry='940.000'/>
			</movements>
		</train>
			<movements>
				<movement arc='(39,38)' entry='48600.000' exit='49680.000' entryinminute='810.000' exitinminute='828.000' />
				<movement arc='(38,91)' entry='49680.000' exit='50640.000' entryinminute='828.000' exitinminute='844.000' />
				<movement arc='(91,90)' entry='50640.000' exit='50880.000' entryinminute='844.000' exitinminute='848.000' />
				<movement arc='(90,87)' entry='50880.000' exit='51480.000' entryinminute='848.000' exitinminute='858.000' />
				<movement arc='(87,86)' entry='51480.000' exit='52080.000' entryinminute='858.000' exitinminute='868.000' />
				<movement arc='(86,85)' entry='52080.000' exit='52500.000' entryinminute='868.000' exitinminute='875.000' />
				<movement arc='(85,84)' entry='52500.000' exit='52800.000' entryinminute='875.000' exitinminute='880.000' />
				<movement arc='(84,83)' entry='52800.000' exit='53220.000' entryinminute='880.000' exitinminute='887.000' />
				<movement arc='(83,6)' entry='53220.000' exit='54180.000' entryinminute='887.000' exitinminute='903.000' />
				<movement arc='(6,5)' entry='54180.000' exit='55260.000' entryinminute='903.000' exitinminute='921.000' />
				<movement arc='(5,3)' entry='55260.000' exit='55380.000' entryinminute='921.000' exitinminute='923.000' />
				<movement arc='(3,1)' entry='55380.000' exit='55800.000' entryinminute='923.000' exitinminute='930.000' />
				<movement arc='(1,0)' entry='55800.000' exit='55920.000' entryinminute='930.000' exitinminute='932.000' />
				<destination entry='932.000'/>
			</movements>
		</train>
			<movements>
				<movement arc='(39,38)' entry='43200.000' exit='43500.000' entryinminute='720.000' exitinminute='725.000' />
				<movement arc='(38,91)' entry='43500.000' exit='43740.000' entryinminute='725.000' exitinminute='729.000' />
				<movement arc='(91,90)' entry='43740.000' exit='43800.000' entryinminute='729.000' exitinminute='730.000' />
				<movement arc='(90,87)' entry='43800.000' exit='43980.000' entryinminute='730.000' exitinminute='733.000' />
				<movement arc='(87,86)' entry='43980.000' exit='44160.000' entryinminute='733.000' exitinminute='736.000' />
				<movement arc='(86,85)' entry='44160.000' exit='44280.000' entryinminute='736.000' exitinminute='738.000' />
				<movement arc='(85,84)' entry='44280.000' exit='44400.000' entryinminute='738.000' exitinminute='740.000' />
				<movement arc='(84,83)' entry='44400.000' exit='44520.000' entryinminute='740.000' exitinminute='742.000' />
				<movement arc='(83,6)' entry='44520.000' exit='44760.000' entryinminute='742.000' exitinminute='746.000' />
				<movement arc='(6,5)' entry='44760.000' exit='45060.000' entryinminute='746.000' exitinminute='751.000' />
				<movement arc='(5,3)' entry='45060.000' exit='45120.000' entryinminute='751.000' exitinminute='752.000' />
				<movement arc='(3,1)' entry='45120.000' exit='45240.000' entryinminute='752.000' exitinminute='754.000' />
				<movement arc='(1,0)' entry='45240.000' exit='45300.000' entryinminute='754.000' exitinminute='755.000' />
				<destination entry='755.000'/>
			</movements>
		</train>
			<movements>
				<movement arc='(39,38)' entry='43800.000' exit='44160.000' entryinminute='730.000' exitinminute='736.000' />
				<movement arc='(38,91)' entry='44160.000' exit='44460.000' entryinminute='736.000' exitinminute='741.000' />
				<movement arc='(91,90)' entry='44460.000' exit='44520.000' entryinminute='741.000' exitinminute='742.000' />
				<movement arc='(90,87)' entry='44520.000' exit='44700.000' entryinminute='742.000' exitinminute='745.000' />
				<movement arc='(87,86)' entry='44700.000' exit='44880.000' entryinminute='745.000' exitinminute='748.000' />
				<movement arc='(86,85)' entry='44880.000' exit='45000.000' entryinminute='748.000' exitinminute='750.000' />
				<movement arc='(85,84)' entry='45000.000' exit='45120.000' entryinminute='750.000' exitinminute='752.000' />
				<movement arc='(84,83)' entry='45120.000' exit='45240.000' entryinminute='752.000' exitinminute='754.000' />
				<movement arc='(83,6)' entry='45240.000' exit='45540.000' entryinminute='754.000' exitinminute='759.000' />
				<movement arc='(6,5)' entry='45540.000' exit='45900.000' entryinminute='759.000' exitinminute='765.000' />
				<movement arc='(5,3)' entry='45900.000' exit='45960.000' entryinminute='765.000' exitinminute='766.000' />
				<movement arc='(3,1)' entry='45960.000' exit='46140.000' entryinminute='766.000' exitinminute='769.000' />
				<movement arc='(1,0)' entry='46140.000' exit='46200.000' entryinminute='769.000' exitinminute='770.000' />
				<destination entry='770.000'/>
			</movements>
		</train>
			<movements>
				<movement arc='(39,38)' entry='48000.000' exit='48420.000' entryinminute='800.000' exitinminute='807.000' />
				<movement arc='(38,91)' entry='48420.000' exit='48780.000' entryinminute='807.000' exitinminute='813.000' />
				<movement arc='(91,90)' entry='48780.000' exit='48900.000' entryinminute='813.000' exitinminute='815.000' />
				<movement arc='(90,87)' entry='48900.000' exit='49140.000' entryinminute='815.000' exitinminute='819.000' />
				<movement arc='(87,86)' entry='49140.000' exit='49380.000' entryinminute='819.000' exitinminute='823.000' />
				<movement arc='(86,85)' entry='49380.000' exit='49560.000' entryinminute='823.000' exitinminute='826.000' />
				<movement arc='(85,84)' entry='49560.000' exit='49680.000' entryinminute='826.000' exitinminute='828.000' />
				<movement arc='(84,83)' entry='49680.000' exit='49860.000' entryinminute='828.000' exitinminute='831.000' />
				<movement arc='(83,6)' entry='49860.000' exit='50220.000' entryinminute='831.000' exitinminute='837.000' />
				<movement arc='(6,5)' entry='50220.000' exit='50640.000' entryinminute='837.000' exitinminute='844.000' />
				<movement arc='(5,3)' entry='50640.000' exit='50700.000' entryinminute='844.000' exitinminute='845.000' />
				<movement arc='(3,1)' entry='50700.000' exit='50880.000' entryinminute='845.000' exitinminute='848.000' />
				<movement arc='(1,0)' entry='50880.000' exit='50940.000' entryinminute='848.000' exitinminute='849.000' />
				<destination entry='849.000'/>
			</movements>
		</train>
			<movements>
				<movement arc='(39,38)' entry='45000.000' exit='45300.000' entryinminute='750.000' exitinminute='755.000' />
				<movement arc='(38,91)' entry='45300.000' exit='45540.000' entryinminute='755.000' exitinminute='759.000' />
				<movement arc='(91,90)' entry='45540.000' exit='45600.000' entryinminute='759.000' exitinminute='760.000' />
				<movement arc='(90,87)' entry='45600.000' exit='45780.000' entryinminute='760.000' exitinminute='763.000' />
				<movement arc='(87,86)' entry='45780.000' exit='45960.000' entryinminute='763.000' exitinminute='766.000' />
				<movement arc='(86,85)' entry='45960.000' exit='46080.000' entryinminute='766.000' exitinminute='768.000' />
				<movement arc='(85,84)' entry='46080.000' exit='46200.000' entryinminute='768.000' exitinminute='770.000' />
				<movement arc='(84,83)' entry='46200.000' exit='46320.000' entryinminute='770.000' exitinminute='772.000' />
				<movement arc='(83,6)' entry='46320.000' exit='46560.000' entryinminute='772.000' exitinminute='776.000' />
				<movement arc='(6,5)' entry='46560.000' exit='46860.000' entryinminute='776.000' exitinminute='781.000' />
				<movement arc='(5,3)' entry='46860.000' exit='46920.000' entryinminute='781.000' exitinminute='782.000' />
				<movement arc='(3,1)' entry='46920.000' exit='47040.000' entryinminute='782.000' exitinminute='784.000' />
				<movement arc='(1,0)' entry='47040.000' exit='47100.000' entryinminute='784.000' exitinminute='785.000' />
				<destination entry='785.000'/>
			</movements>
		</train>
			<movements>
				<movement arc='(39,38)' entry='45600.000' exit='45900.000' entryinminute='760.000' exitinminute='765.000' />
				<movement arc='(38,91)' entry='45900.000' exit='46140.000' entryinminute='765.000' exitinminute='769.000' />
				<movement arc='(91,90)' entry='46140.000' exit='46200.000' entryinminute='769.000' exitinminute='770.000' />
				<movement arc='(90,87)' entry='46200.000' exit='46380.000' entryinminute='770.000' exitinminute='773.000' />
				<movement arc='(87,86)' entry='46380.000' exit='46560.000' entryinminute='773.000' exitinminute='776.000' />
				<movement arc='(86,85)' entry='46560.000' exit='46680.000' entryinminute='776.000' exitinminute='778.000' />
				<movement arc='(85,84)' entry='46680.000' exit='46800.000' entryinminute='778.000' exitinminute='780.000' />
				<movement arc='(84,83)' entry='46800.000' exit='46920.000' entryinminute='780.000' exitinminute='782.000' />
				<movement arc='(83,6)' entry='46920.000' exit='47160.000' entryinminute='782.000' exitinminute='786.000' />
				<movement arc='(6,5)' entry='47160.000' exit='47460.000' entryinminute='786.000' exitinminute='791.000' />
				<movement arc='(5,3)' entry='47460.000' exit='47520.000' entryinminute='791.000' exitinminute='792.000' />
				<movement arc='(3,1)' entry='47520.000' exit='47640.000' entryinminute='792.000' exitinminute='794.000' />
				<movement arc='(1,0)' entry='47640.000' exit='47700.000' entryinminute='794.000' exitinminute='795.000' />
				<destination entry='795.000'/>
			</movements>
		</train>
			<movements>
				<movement arc='(39,38)' entry='46200.000' exit='46560.000' entryinminute='770.000' exitinminute='776.000' />
				<movement arc='(38,91)' entry='46560.000' exit='46920.000' entryinminute='776.000' exitinminute='782.000' />
				<movement arc='(91,89)' entry='46920.000' exit='47040.000' entryinminute='782.000' exitinminute='784.000' />
				<movement arc='(89,88)' entry='47040.000' exit='48480.000' entryinminute='784.000' exitinminute='808.000' />
				<movement arc='(88,87)' entry='48480.000' exit='48600.000' entryinminute='808.000' exitinminute='810.000' />
				<movement arc='(87,86)' entry='48600.000' exit='48840.000' entryinminute='810.000' exitinminute='814.000' />
				<movement arc='(86,85)' entry='48840.000' exit='49020.000' entryinminute='814.000' exitinminute='817.000' />
				<movement arc='(85,84)' entry='49020.000' exit='49140.000' entryinminute='817.000' exitinminute='819.000' />
				<movement arc='(84,83)' entry='49140.000' exit='49320.000' entryinminute='819.000' exitinminute='822.000' />
				<movement arc='(83,6)' entry='49320.000' exit='49680.000' entryinminute='822.000' exitinminute='828.000' />
				<movement arc='(6,5)' entry='49680.000' exit='50040.000' entryinminute='828.000' exitinminute='834.000' />
				<movement arc='(5,3)' entry='50040.000' exit='50100.000' entryinminute='834.000' exitinminute='835.000' />
				<movement arc='(3,1)' entry='50100.000' exit='50280.000' entryinminute='835.000' exitinminute='838.000' />
				<movement arc='(1,0)' entry='50280.000' exit='50340.000' entryinminute='838.000' exitinminute='839.000' />
				<destination entry='839.000'/>
			</movements>
		</train>
			<movements>
				<movement arc='(39,38)' entry='46800.000' exit='47100.000' entryinminute='780.000' exitinminute='785.000' />
				<movement arc='(38,91)' entry='47100.000' exit='47400.000' entryinminute='785.000' exitinminute='790.000' />
				<movement arc='(91,90)' entry='47400.000' exit='47460.000' entryinminute='790.000' exitinminute='791.000' />
				<movement arc='(90,87)' entry='47460.000' exit='47640.000' entryinminute='791.000' exitinminute='794.000' />
				<movement arc='(87,86)' entry='47640.000' exit='47820.000' entryinminute='794.000' exitinminute='797.000' />
				<movement arc='(86,85)' entry='47820.000' exit='47940.000' entryinminute='797.000' exitinminute='799.000' />
				<movement arc='(85,84)' entry='47940.000' exit='48060.000' entryinminute='799.000' exitinminute='801.000' />
				<movement arc='(84,83)' entry='48060.000' exit='48180.000' entryinminute='801.000' exitinminute='803.000' />
				<movement arc='(83,6)' entry='48180.000' exit='48480.000' entryinminute='803.000' exitinminute='808.000' />
				<movement arc='(6,5)' entry='48480.000' exit='48780.000' entryinminute='808.000' exitinminute='813.000' />
				<movement arc='(5,3)' entry='48780.000' exit='48840.000' entryinminute='813.000' exitinminute='814.000' />
				<movement arc='(3,1)' entry='48840.000' exit='48960.000' entryinminute='814.000' exitinminute='816.000' />
				<movement arc='(1,0)' entry='48960.000' exit='49020.000' entryinminute='816.000' exitinminute='817.000' />
				<destination entry='817.000'/>
			</movements>
		</train>
			<movements>
				<movement arc='(39,38)' entry='47400.000' exit='47700.000' entryinminute='790.000' exitinminute='795.000' />
				<movement arc='(38,91)' entry='47700.000' exit='48000.000' entryinminute='795.000' exitinminute='800.000' />
				<movement arc='(91,90)' entry='48000.000' exit='48060.000' entryinminute='800.000' exitinminute='801.000' />
				<movement arc='(90,87)' entry='48060.000' exit='48240.000' entryinminute='801.000' exitinminute='804.000' />
				<movement arc='(87,86)' entry='48240.000' exit='48420.000' entryinminute='804.000' exitinminute='807.000' />
				<movement arc='(86,85)' entry='48420.000' exit='48540.000' entryinminute='807.000' exitinminute='809.000' />
				<movement arc='(85,84)' entry='48540.000' exit='48660.000' entryinminute='809.000' exitinminute='811.000' />
				<movement arc='(84,83)' entry='48660.000' exit='48780.000' entryinminute='811.000' exitinminute='813.000' />
				<movement arc='(83,6)' entry='48780.000' exit='49080.000' entryinminute='813.000' exitinminute='818.000' />
				<movement arc='(6,5)' entry='49080.000' exit='49380.000' entryinminute='818.000' exitinminute='823.000' />
				<movement arc='(5,3)' entry='49380.000' exit='49440.000' entryinminute='823.000' exitinminute='824.000' />
				<movement arc='(3,1)' entry='49440.000' exit='49560.000' entryinminute='824.000' exitinminute='826.000' />
				<movement arc='(1,0)' entry='49560.000' exit='49620.000' entryinminute='826.000' exitinminute='827.000' />
				<destination entry='827.000'/>
			</movements>
		</train>
	<trains>
<solution>
###########################################################################