Number of Nodes = 76
Number of Links = 85
Number of Trains = 20
Computational time:,2,Iteration:, 1,Lower bound in Minute:,1063.000,Upper bound in Minute:,2056.000,Lower bound:,1063.000,Upper bound:,2056.000,Total Trip Price:,1063.000,Total Resource Price (Resource Cost):,0.000,Total Travel Time:,3512.000,Optimality gap:,0.483
Computational time:,4,Iteration:, 2,Lower bound in Minute:,1063.000,Upper bound in Minute:,2056.000,Lower bound:,1063.000,Upper bound:,2056.000,Total Trip Price:,1175.500,Total Resource Price (Resource Cost):,261.000,Total Travel Time:,3593.000,Optimality gap:,0.483
Computational time:,5,Iteration:, 3,Lower bound in Minute:,1063.000,Upper bound in Minute:,2056.000,Lower bound:,1063.000,Upper bound:,2056.000,Total Trip Price:,1208.000,Total Resource Price (Resource Cost):,275.667,Total Travel Time:,3565.000,Optimality gap:,0.483
Computational time:,7,Iteration:, 4,Lower bound in Minute:,1063.000,Upper bound in Minute:,2056.000,Lower bound:,1063.000,Upper bound:,2056.000,Total Trip Price:,1218.833,Total Resource Price (Resource Cost):,233.833,Total Travel Time:,3583.000,Optimality gap:,0.483
Computational time:,9,Iteration:, 5,Lower bound in Minute:,1063.000,Upper bound in Minute:,2056.000,Lower bound:,1063.000,Upper bound:,2056.000,Total Trip Price:,1223.867,Total Resource Price (Resource Cost):,220.783,Total Travel Time:,3573.000,Optimality gap:,0.483
Computational time:,11,Iteration:, 6,Lower bound in Minute:,1063.000,Upper bound in Minute:,2056.000,Lower bound:,1063.000,Upper bound:,2056.000,Total Trip Price:,1237.467,Total Resource Price (Resource Cost):,201.685,Total Travel Time:,3576.000,Optimality gap:,0.483
Computational time:,13,Iteration:, 7,Lower bound in Minute:,1063.000,Upper bound in Minute:,2056.000,Lower bound:,1063.000,Upper bound:,2056.000,Total Trip Price:,1242.076,Total Resource Price (Resource Cost):,192.381,Total Travel Time:,3587.000,Optimality gap:,0.483
Computational time:,15,Iteration:, 8,Lower bound in Minute:,1063.000,Upper bound in Minute:,2056.000,Lower bound:,1063.000,Upper bound:,2056.000,Total Trip Price:,1229.043,Total Resource Price (Resource Cost):,181.637,Total Travel Time:,3579.000,Optimality gap:,0.483
Computational time:,17,Iteration:, 9,Lower bound in Minute:,1074.844,Upper bound in Minute:,2004.000,Lower bound:,1074.844,Upper bound:,2004.000,Total Trip Price:,1233.671,Total Resource Price (Resource Cost):,158.827,Total Travel Time:,3573.000,Optimality gap:,0.464
Computational time:,19,Iteration:, 10,Lower bound in Minute:,1076.688,Upper bound in Minute:,2004.000,Lower bound:,1076.688,Upper bound:,2004.000,Total Trip Price:,1233.390,Total Resource Price (Resource Cost):,156.701,Total Travel Time:,3593.000,Optimality gap:,0.463
