###########################################################################
<solution territory='RAS DATA SET 3'>
	<trains>
			<movements>
				<movement arc='(0,1)' entry='600.000' exit='1260.000' entryinminute='10.000' exitinminute='21.000' />
				<movement arc='(1,4)' entry='1260.000' exit='1380.000' entryinminute='21.000' exitinminute='23.000' />
				<movement arc='(4,5)' entry='1380.000' exit='2040.000' entryinminute='23.000' exitinminute='34.000' />
				<movement arc='(5,8)' entry='2040.000' exit='2160.000' entryinminute='34.000' exitinminute='36.000' />
				<movement arc='(8,9)' entry='2160.000' exit='2820.000' entryinminute='36.000' exitinminute='47.000' />
				<destination entry='47.000'/>
			</movements>
		</train>
			<movements>
				<movement arc='(9,8)' entry='1200.000' exit='1860.000' entryinminute='20.000' exitinminute='31.000' />
				<movement arc='(8,7)' entry='1860.000' exit='1980.000' entryinminute='31.000' exitinminute='33.000' />
				<movement arc='(7,6)' entry='1980.000' exit='2100.000' entryinminute='33.000' exitinminute='35.000' />
				<movement arc='(6,5)' entry='2100.000' exit='2220.000' entryinminute='35.000' exitinminute='37.000' />
				<movement arc='(5,4)' entry='2220.000' exit='2880.000' entryinminute='37.000' exitinminute='48.000' />
				<movement arc='(4,1)' entry='2880.000' exit='3000.000' entryinminute='48.000' exitinminute='50.000' />
				<movement arc='(1,0)' entry='3000.000' exit='3660.000' entryinminute='50.000' exitinminute='61.000' />
				<destination entry='61.000'/>
			</movements>
		</train>
	<trains>
<solution>
###########################################################################