Number of Nodes = 85
Number of Links = 97
Number of Trains = 40
Computational time:,4,Iteration:, 1,Lower bound in Minute:,1844.000,Upper bound in Minute:,4316.000,Lower bound:,1844.000,Upper bound:,4316.000,Total Trip Price:,1844.000,Total Resource Price (Resource Cost):,0.000,Total Travel Time:,2949.000,Optimality gap:,0.573
Computational time:,8,Iteration:, 2,Lower bound in Minute:,1961.000,Upper bound in Minute:,4316.000,Lower bound:,1961.000,Upper bound:,4316.000,Total Trip Price:,2407.000,Total Resource Price (Resource Cost):,446.000,Total Travel Time:,3210.000,Optimality gap:,0.546
Computational time:,12,Iteration:, 3,Lower bound in Minute:,2114.333,Upper bound in Minute:,4316.000,Lower bound:,2114.333,Upper bound:,4316.000,Total Trip Price:,2718.333,Total Resource Price (Resource Cost):,604.000,Total Travel Time:,3238.000,Optimality gap:,0.510
